poi_id,closest_node_id,closest_node_distance,connected_node_id,connected_node_distance,fiber_path,upstream_node_id,upstream_node_distance
292f0d20-f275-44f5-a40f-cf0e80c3a067,541c5949-ab47-4a42-83df-2f5653718d5a,4614.189,541c5949-ab47-4a42-83df-2f5653718d5a,5175.057999999999,"['541c5949-ab47-4a42-83df-2f5653718d5a', 'ba2f6994-38f1-4619-a7ee-4c6569749c21', '0b373675-de87-476b-9262-a0f7d9fe97c7', '775b863e-688e-45e8-b12e-956a3144bd35', '9197581a-d64d-40ee-964b-f6c1822fd28f']",9197581a-d64d-40ee-964b-f6c1822fd28f,190.141
304e1e26-439a-45fb-8837-9a38fdc6ec41,926790f6-1345-4cab-92eb-0d28185e2d54,862.034,926790f6-1345-4cab-92eb-0d28185e2d54,862.034,['926790f6-1345-4cab-92eb-0d28185e2d54'],926790f6-1345-4cab-92eb-0d28185e2d54,862.034
f01b7a6c-8d4e-4a7c-89f8-ef79eff4aab5,b7e56176-ea86-45a8-b494-4a9cefb4a75b,2110.352,b7e56176-ea86-45a8-b494-4a9cefb4a75b,2110.352,['b7e56176-ea86-45a8-b494-4a9cefb4a75b'],b7e56176-ea86-45a8-b494-4a9cefb4a75b,2110.352
40a28229-3dbf-4f08-a516-3f46680a2e55,99fbad83-671b-47b4-9241-af3aa1e160ce,3574.202,99fbad83-671b-47b4-9241-af3aa1e160ce,3574.202,['99fbad83-671b-47b4-9241-af3aa1e160ce'],99fbad83-671b-47b4-9241-af3aa1e160ce,3574.202
1e1ce347-2c9a-42a9-8cad-29811f0a9f8e,f1258afa-9fe6-46f8-89a4-75826b810986,4224.423,99fbad83-671b-47b4-9241-af3aa1e160ce,5294.498,"['99fbad83-671b-47b4-9241-af3aa1e160ce', '8212c26b-ccf0-4c70-8c8b-0bd759f2cbff', '1f8a8a01-714b-40f2-b55d-fbcb916dd75f', 'ef55a242-71c2-4895-9d7f-7cc87011cc24']",ef55a242-71c2-4895-9d7f-7cc87011cc24,726.652
8d7cbf69-616c-435f-a1bf-b46db1f2b1a2,6551b0b5-d6b9-4172-8b26-7bdabb4479d2,2132.743,6551b0b5-d6b9-4172-8b26-7bdabb4479d2,2914.7180000000003,"['6551b0b5-d6b9-4172-8b26-7bdabb4479d2', '80995085-677e-40c5-a7eb-3e6be9c04193', '9dc15aa9-7e95-4b6f-ac9e-1b891c458ea5']",9dc15aa9-7e95-4b6f-ac9e-1b891c458ea5,315.774
1f8a8a01-714b-40f2-b55d-fbcb916dd75f,99fbad83-671b-47b4-9241-af3aa1e160ce,1929.86,99fbad83-671b-47b4-9241-af3aa1e160ce,2266.464,"['99fbad83-671b-47b4-9241-af3aa1e160ce', '8212c26b-ccf0-4c70-8c8b-0bd759f2cbff']",8212c26b-ccf0-4c70-8c8b-0bd759f2cbff,1644.928
563a183d-5d94-4e7f-810c-b5bf6d28a766,a6463bd7-3a3e-419a-9cf5-5de7f4d23110,526.317,a6463bd7-3a3e-419a-9cf5-5de7f4d23110,526.317,['a6463bd7-3a3e-419a-9cf5-5de7f4d23110'],a6463bd7-3a3e-419a-9cf5-5de7f4d23110,526.317
249cd328-89bc-4d29-a98f-1c733aae4201,de75c87b-2676-47be-8454-4c44c4e6f644,982.106,de75c87b-2676-47be-8454-4c44c4e6f644,982.106,['de75c87b-2676-47be-8454-4c44c4e6f644'],de75c87b-2676-47be-8454-4c44c4e6f644,982.106
bbd7b668-8b8e-4b87-ac89-64a54c379f53,0430c874-2cc1-4b96-858f-07bddf5de495,606.381,0430c874-2cc1-4b96-858f-07bddf5de495,606.381,['0430c874-2cc1-4b96-858f-07bddf5de495'],0430c874-2cc1-4b96-858f-07bddf5de495,606.381
d37197f2-d992-4674-a45f-4edfec32eb68,f4723800-dc71-4c6e-a2c3-31a8ad7b31e0,4103.262,99fbad83-671b-47b4-9241-af3aa1e160ce,10761.831999999999,"['99fbad83-671b-47b4-9241-af3aa1e160ce', '8212c26b-ccf0-4c70-8c8b-0bd759f2cbff', '1f8a8a01-714b-40f2-b55d-fbcb916dd75f', 'ef55a242-71c2-4895-9d7f-7cc87011cc24', '1e1ce347-2c9a-42a9-8cad-29811f0a9f8e', '5529ea39-d40f-4c80-a308-07fe2fb85cfa', 'e34166df-938f-4a6a-8297-8e62472c190a']",e34166df-938f-4a6a-8297-8e62472c190a,2148.231
5a88dfd9-2448-4643-8446-ec81f79f236e,3555590c-de40-4e86-93df-8524dbc6c4c7,2512.513,541c5949-ab47-4a42-83df-2f5653718d5a,4860.321,"['541c5949-ab47-4a42-83df-2f5653718d5a', 'ba2f6994-38f1-4619-a7ee-4c6569749c21', '955bca73-4483-45af-ae38-adddd0751bf7']",955bca73-4483-45af-ae38-adddd0751bf7,1761.412
19e7719f-cf3d-456a-9aac-b00ec55013e1,c43ce78b-33f7-45b5-8763-ae7bca7fb995,1861.367,c43ce78b-33f7-45b5-8763-ae7bca7fb995,1861.367,['c43ce78b-33f7-45b5-8763-ae7bca7fb995'],c43ce78b-33f7-45b5-8763-ae7bca7fb995,1861.367
316677be-d43e-4119-ac88-7b54e561fb17,541c5949-ab47-4a42-83df-2f5653718d5a,743.332,541c5949-ab47-4a42-83df-2f5653718d5a,743.332,['541c5949-ab47-4a42-83df-2f5653718d5a'],541c5949-ab47-4a42-83df-2f5653718d5a,743.332
1332292e-3d0f-4aa3-bf72-1a22752dea15,85067d35-81fe-46d3-8b79-0ccc42eca89a,4228.671,b7e56176-ea86-45a8-b494-4a9cefb4a75b,5425.581,"['b7e56176-ea86-45a8-b494-4a9cefb4a75b', '7e46c9a8-b75f-4513-8418-4fb058a32b0f', 'c961624c-546e-4375-8360-6d75bc188022']",c961624c-546e-4375-8360-6d75bc188022,473.545
ef55a242-71c2-4895-9d7f-7cc87011cc24,99fbad83-671b-47b4-9241-af3aa1e160ce,4221.742,99fbad83-671b-47b4-9241-af3aa1e160ce,4567.846,"['99fbad83-671b-47b4-9241-af3aa1e160ce', '8212c26b-ccf0-4c70-8c8b-0bd759f2cbff', '1f8a8a01-714b-40f2-b55d-fbcb916dd75f']",1f8a8a01-714b-40f2-b55d-fbcb916dd75f,2301.382
8c0900aa-9916-48a2-81a7-783bb859d57c,e13a657c-edf0-4013-92db-6c70136e3ac9,279.116,e13a657c-edf0-4013-92db-6c70136e3ac9,279.116,['e13a657c-edf0-4013-92db-6c70136e3ac9'],e13a657c-edf0-4013-92db-6c70136e3ac9,279.116
9c0cf673-558f-47f4-b008-68872ebfd0a1,0430c874-2cc1-4b96-858f-07bddf5de495,2567.838,0430c874-2cc1-4b96-858f-07bddf5de495,2770.575,"['0430c874-2cc1-4b96-858f-07bddf5de495', 'bbd7b668-8b8e-4b87-ac89-64a54c379f53', '8955c08a-d3a8-4dd0-872a-09489285a97a']",8955c08a-d3a8-4dd0-872a-09489285a97a,2009.449
775b863e-688e-45e8-b12e-956a3144bd35,541c5949-ab47-4a42-83df-2f5653718d5a,4203.532,541c5949-ab47-4a42-83df-2f5653718d5a,4653.897,"['541c5949-ab47-4a42-83df-2f5653718d5a', 'ba2f6994-38f1-4619-a7ee-4c6569749c21', '0b373675-de87-476b-9262-a0f7d9fe97c7']",0b373675-de87-476b-9262-a0f7d9fe97c7,1577.483
a11c1795-c1ad-4000-8ddf-23879414c25d,e13a657c-edf0-4013-92db-6c70136e3ac9,1287.534,e13a657c-edf0-4013-92db-6c70136e3ac9,1287.534,['e13a657c-edf0-4013-92db-6c70136e3ac9'],e13a657c-edf0-4013-92db-6c70136e3ac9,1287.534
d4e50261-9303-4b9b-8f52-ed9d7903dd58,a6463bd7-3a3e-419a-9cf5-5de7f4d23110,1034.901,a6463bd7-3a3e-419a-9cf5-5de7f4d23110,1034.901,['a6463bd7-3a3e-419a-9cf5-5de7f4d23110'],a6463bd7-3a3e-419a-9cf5-5de7f4d23110,1034.901
96f84def-7438-4e29-b45b-3368a83544ca,4267fc81-0e9f-40ca-84c8-84529958dc22,2217.882,4267fc81-0e9f-40ca-84c8-84529958dc22,2228.933,"['4267fc81-0e9f-40ca-84c8-84529958dc22', 'a877cb39-2290-48c3-b6a6-0f4feaf0146a']",a877cb39-2290-48c3-b6a6-0f4feaf0146a,889.28
34cb2c0a-8709-4603-afe6-76f630165788,99fbad83-671b-47b4-9241-af3aa1e160ce,1451.229,99fbad83-671b-47b4-9241-af3aa1e160ce,3699.972,"['99fbad83-671b-47b4-9241-af3aa1e160ce', '8212c26b-ccf0-4c70-8c8b-0bd759f2cbff', '798ec30c-be58-4b93-9ebb-e6979cf73336', 'b32e5cdd-cc23-4748-9c61-c62201237bf6', '867858ee-0194-44a4-9131-e0521a37c6e6']",867858ee-0194-44a4-9131-e0521a37c6e6,417.293
f5d03633-ba23-4de9-80ea-e5ae1b82acfa,4c378326-6260-476a-bf24-8862b7ada7e0,1610.811,a6463bd7-3a3e-419a-9cf5-5de7f4d23110,3275.601,"['a6463bd7-3a3e-419a-9cf5-5de7f4d23110', 'd4e50261-9303-4b9b-8f52-ed9d7903dd58', 'cda6e0d7-8641-4943-94e7-997c3a504b43']",cda6e0d7-8641-4943-94e7-997c3a504b43,827.351
8955c08a-d3a8-4dd0-872a-09489285a97a,0430c874-2cc1-4b96-858f-07bddf5de495,760.259,0430c874-2cc1-4b96-858f-07bddf5de495,761.126,"['0430c874-2cc1-4b96-858f-07bddf5de495', 'bbd7b668-8b8e-4b87-ac89-64a54c379f53']",bbd7b668-8b8e-4b87-ac89-64a54c379f53,154.745
7e46c9a8-b75f-4513-8418-4fb058a32b0f,b7e56176-ea86-45a8-b494-4a9cefb4a75b,3531.355,b7e56176-ea86-45a8-b494-4a9cefb4a75b,3531.355,['b7e56176-ea86-45a8-b494-4a9cefb4a75b'],b7e56176-ea86-45a8-b494-4a9cefb4a75b,3531.355
04da0ba1-3b87-4a8e-bb66-72ac9a19f1cd,f1258afa-9fe6-46f8-89a4-75826b810986,2087.119,f1258afa-9fe6-46f8-89a4-75826b810986,2087.119,['f1258afa-9fe6-46f8-89a4-75826b810986'],f1258afa-9fe6-46f8-89a4-75826b810986,2087.119
be8f9691-55af-4940-97d8-10d548687c18,f3a93c78-b5be-4486-882f-d2b2f50e6f21,508.312,f3a93c78-b5be-4486-882f-d2b2f50e6f21,508.312,['f3a93c78-b5be-4486-882f-d2b2f50e6f21'],f3a93c78-b5be-4486-882f-d2b2f50e6f21,508.312
2e783986-86c8-40c6-905c-837d9112f4f7,4c378326-6260-476a-bf24-8862b7ada7e0,1894.981,de75c87b-2676-47be-8454-4c44c4e6f644,3857.96,"['de75c87b-2676-47be-8454-4c44c4e6f644', '249cd328-89bc-4d29-a98f-1c733aae4201', 'f9394e7c-c097-4bd1-98c1-c36ab13dde8e']",f9394e7c-c097-4bd1-98c1-c36ab13dde8e,1448.459
867858ee-0194-44a4-9131-e0521a37c6e6,e13a657c-edf0-4013-92db-6c70136e3ac9,1315.776,99fbad83-671b-47b4-9241-af3aa1e160ce,3282.679,"['99fbad83-671b-47b4-9241-af3aa1e160ce', '8212c26b-ccf0-4c70-8c8b-0bd759f2cbff', '798ec30c-be58-4b93-9ebb-e6979cf73336', 'b32e5cdd-cc23-4748-9c61-c62201237bf6']",b32e5cdd-cc23-4748-9c61-c62201237bf6,1117.439
f8e815fd-fcbe-4607-9ae0-f5fa0d56c8d8,541c5949-ab47-4a42-83df-2f5653718d5a,2409.551,541c5949-ab47-4a42-83df-2f5653718d5a,4791.562,"['541c5949-ab47-4a42-83df-2f5653718d5a', 'ba2f6994-38f1-4619-a7ee-4c6569749c21', '0b373675-de87-476b-9262-a0f7d9fe97c7']",0b373675-de87-476b-9262-a0f7d9fe97c7,1715.148
3c1b571e-ab30-4c81-832d-51bdfef51bba,c530d19a-1e10-4efb-83b3-69dd6d8dca30,888.23,c530d19a-1e10-4efb-83b3-69dd6d8dca30,888.23,['c530d19a-1e10-4efb-83b3-69dd6d8dca30'],c530d19a-1e10-4efb-83b3-69dd6d8dca30,888.23
20de2790-fc66-422b-a12f-6a5f65c00470,926790f6-1345-4cab-92eb-0d28185e2d54,441.601,926790f6-1345-4cab-92eb-0d28185e2d54,441.601,['926790f6-1345-4cab-92eb-0d28185e2d54'],926790f6-1345-4cab-92eb-0d28185e2d54,441.601
ae0ccc6e-5f91-4a58-a60b-68e8ebcdc797,4c378326-6260-476a-bf24-8862b7ada7e0,1615.404,a6463bd7-3a3e-419a-9cf5-5de7f4d23110,4287.024,"['a6463bd7-3a3e-419a-9cf5-5de7f4d23110', 'd4e50261-9303-4b9b-8f52-ed9d7903dd58', 'cda6e0d7-8641-4943-94e7-997c3a504b43', 'f5d03633-ba23-4de9-80ea-e5ae1b82acfa']",f5d03633-ba23-4de9-80ea-e5ae1b82acfa,1011.423
74529871-b1ea-4c57-8874-709bf7554e64,546946f0-9fba-4ff1-ab05-c8cc691651d6,1849.271,546946f0-9fba-4ff1-ab05-c8cc691651d6,1849.271,['546946f0-9fba-4ff1-ab05-c8cc691651d6'],546946f0-9fba-4ff1-ab05-c8cc691651d6,1849.271
ef6eb534-04e9-4265-bc5b-1543f3452634,f1258afa-9fe6-46f8-89a4-75826b810986,3012.572,f1258afa-9fe6-46f8-89a4-75826b810986,3284.3590000000004,"['f1258afa-9fe6-46f8-89a4-75826b810986', '04da0ba1-3b87-4a8e-bb66-72ac9a19f1cd']",04da0ba1-3b87-4a8e-bb66-72ac9a19f1cd,1197.24
c961624c-546e-4375-8360-6d75bc188022,85067d35-81fe-46d3-8b79-0ccc42eca89a,4591.635,b7e56176-ea86-45a8-b494-4a9cefb4a75b,4952.036,"['b7e56176-ea86-45a8-b494-4a9cefb4a75b', '7e46c9a8-b75f-4513-8418-4fb058a32b0f']",7e46c9a8-b75f-4513-8418-4fb058a32b0f,1420.681
4c67727a-4af9-46ef-a98d-5ce5f843163d,b6944aba-e776-4933-b1e1-73581c3699ac,2783.425,ff8e3dfc-15b8-44e4-b972-8fd7bf356f8d,4538.967,"['ff8e3dfc-15b8-44e4-b972-8fd7bf356f8d', 'd3a1fe88-51a0-4558-a376-5c614106e50b', '9b09549f-3f66-4a26-beda-db793cd49363', 'f4757abf-5db7-4f0e-a7cc-0c437012a72e', '019d2f45-228e-4943-b302-1af7cb2ae820']",019d2f45-228e-4943-b302-1af7cb2ae820,964.758
8212c26b-ccf0-4c70-8c8b-0bd759f2cbff,99fbad83-671b-47b4-9241-af3aa1e160ce,621.536,99fbad83-671b-47b4-9241-af3aa1e160ce,621.536,['99fbad83-671b-47b4-9241-af3aa1e160ce'],99fbad83-671b-47b4-9241-af3aa1e160ce,621.536
a877cb39-2290-48c3-b6a6-0f4feaf0146a,4267fc81-0e9f-40ca-84c8-84529958dc22,1339.653,4267fc81-0e9f-40ca-84c8-84529958dc22,1339.653,['4267fc81-0e9f-40ca-84c8-84529958dc22'],4267fc81-0e9f-40ca-84c8-84529958dc22,1339.653
79f29263-c10b-4508-bd87-ad42c04be0d4,3555590c-de40-4e86-93df-8524dbc6c4c7,2057.248,3555590c-de40-4e86-93df-8524dbc6c4c7,2057.248,['3555590c-de40-4e86-93df-8524dbc6c4c7'],3555590c-de40-4e86-93df-8524dbc6c4c7,2057.248
9dc15aa9-7e95-4b6f-ac9e-1b891c458ea5,6551b0b5-d6b9-4172-8b26-7bdabb4479d2,2166.138,6551b0b5-d6b9-4172-8b26-7bdabb4479d2,2598.9440000000004,"['6551b0b5-d6b9-4172-8b26-7bdabb4479d2', '80995085-677e-40c5-a7eb-3e6be9c04193']",80995085-677e-40c5-a7eb-3e6be9c04193,1295.65
cda6e0d7-8641-4943-94e7-997c3a504b43,a6463bd7-3a3e-419a-9cf5-5de7f4d23110,1799.411,a6463bd7-3a3e-419a-9cf5-5de7f4d23110,2448.25,"['a6463bd7-3a3e-419a-9cf5-5de7f4d23110', 'd4e50261-9303-4b9b-8f52-ed9d7903dd58']",d4e50261-9303-4b9b-8f52-ed9d7903dd58,1413.349
019d2f45-228e-4943-b302-1af7cb2ae820,ff8e3dfc-15b8-44e4-b972-8fd7bf356f8d,3083.799,ff8e3dfc-15b8-44e4-b972-8fd7bf356f8d,3574.209,"['ff8e3dfc-15b8-44e4-b972-8fd7bf356f8d', 'd3a1fe88-51a0-4558-a376-5c614106e50b', '9b09549f-3f66-4a26-beda-db793cd49363', 'f4757abf-5db7-4f0e-a7cc-0c437012a72e']",f4757abf-5db7-4f0e-a7cc-0c437012a72e,2005.803
dd214ea7-eb13-4400-907b-b4f9c320b1ae,c530d19a-1e10-4efb-83b3-69dd6d8dca30,1017.962,c530d19a-1e10-4efb-83b3-69dd6d8dca30,1017.962,['c530d19a-1e10-4efb-83b3-69dd6d8dca30'],c530d19a-1e10-4efb-83b3-69dd6d8dca30,1017.962
feaecc5f-7357-48b4-9cc8-a845d67ecb4c,4c378326-6260-476a-bf24-8862b7ada7e0,1631.683,de75c87b-2676-47be-8454-4c44c4e6f644,4598.321,"['de75c87b-2676-47be-8454-4c44c4e6f644', '249cd328-89bc-4d29-a98f-1c733aae4201', 'f9394e7c-c097-4bd1-98c1-c36ab13dde8e', '2e783986-86c8-40c6-905c-837d9112f4f7']",2e783986-86c8-40c6-905c-837d9112f4f7,740.361
b32e5cdd-cc23-4748-9c61-c62201237bf6,99fbad83-671b-47b4-9241-af3aa1e160ce,1691.047,99fbad83-671b-47b4-9241-af3aa1e160ce,2165.24,"['99fbad83-671b-47b4-9241-af3aa1e160ce', '8212c26b-ccf0-4c70-8c8b-0bd759f2cbff', '798ec30c-be58-4b93-9ebb-e6979cf73336']",798ec30c-be58-4b93-9ebb-e6979cf73336,815.796
d94433a9-0da0-4fd5-af57-ddfb321fc525,c530d19a-1e10-4efb-83b3-69dd6d8dca30,3218.001,b7e56176-ea86-45a8-b494-4a9cefb4a75b,5357.148,"['b7e56176-ea86-45a8-b494-4a9cefb4a75b', 'f01b7a6c-8d4e-4a7c-89f8-ef79eff4aab5', 'c397425a-2403-401c-a663-74d40571c94a']",c397425a-2403-401c-a663-74d40571c94a,1630.901
fa2f7383-f6dd-4b0e-9db6-269f8f5d4a17,4c378326-6260-476a-bf24-8862b7ada7e0,4409.856,99fbad83-671b-47b4-9241-af3aa1e160ce,12702.854999999998,"['99fbad83-671b-47b4-9241-af3aa1e160ce', '8212c26b-ccf0-4c70-8c8b-0bd759f2cbff', '1f8a8a01-714b-40f2-b55d-fbcb916dd75f', 'ef55a242-71c2-4895-9d7f-7cc87011cc24', '1e1ce347-2c9a-42a9-8cad-29811f0a9f8e', '5529ea39-d40f-4c80-a308-07fe2fb85cfa', 'e34166df-938f-4a6a-8297-8e62472c190a', 'd37197f2-d992-4674-a45f-4edfec32eb68', '7a4e4050-b3db-43ab-b487-a7df597ea8ce']",7a4e4050-b3db-43ab-b487-a7df597ea8ce,946.938
7a4e4050-b3db-43ab-b487-a7df597ea8ce,4c378326-6260-476a-bf24-8862b7ada7e0,4142.658,99fbad83-671b-47b4-9241-af3aa1e160ce,11755.916999999998,"['99fbad83-671b-47b4-9241-af3aa1e160ce', '8212c26b-ccf0-4c70-8c8b-0bd759f2cbff', '1f8a8a01-714b-40f2-b55d-fbcb916dd75f', 'ef55a242-71c2-4895-9d7f-7cc87011cc24', '1e1ce347-2c9a-42a9-8cad-29811f0a9f8e', '5529ea39-d40f-4c80-a308-07fe2fb85cfa', 'e34166df-938f-4a6a-8297-8e62472c190a', 'd37197f2-d992-4674-a45f-4edfec32eb68']",d37197f2-d992-4674-a45f-4edfec32eb68,994.085
35e45aa4-2e7b-47e3-8157-7f6caa51b3f2,f1258afa-9fe6-46f8-89a4-75826b810986,7295.537,f1258afa-9fe6-46f8-89a4-75826b810986,8420.615,"['f1258afa-9fe6-46f8-89a4-75826b810986', '04da0ba1-3b87-4a8e-bb66-72ac9a19f1cd', 'ef6eb534-04e9-4265-bc5b-1543f3452634', 'b4129fb7-6eff-4f64-9302-d56ca0ffd434']",b4129fb7-6eff-4f64-9302-d56ca0ffd434,2304.758
e568a45b-e0bc-49cd-82c0-a64c1da4fb0e,541c5949-ab47-4a42-83df-2f5653718d5a,4625.273,541c5949-ab47-4a42-83df-2f5653718d5a,6376.0819999999985,"['541c5949-ab47-4a42-83df-2f5653718d5a', 'ba2f6994-38f1-4619-a7ee-4c6569749c21', '0b373675-de87-476b-9262-a0f7d9fe97c7', '775b863e-688e-45e8-b12e-956a3144bd35', '9197581a-d64d-40ee-964b-f6c1822fd28f', '292f0d20-f275-44f5-a40f-cf0e80c3a067']",292f0d20-f275-44f5-a40f-cf0e80c3a067,1201.024
8dc18b71-d2aa-4396-aed1-3918a7c78302,f137ce08-41d0-4cb7-906f-50874f75fd80,932.495,f137ce08-41d0-4cb7-906f-50874f75fd80,932.495,['f137ce08-41d0-4cb7-906f-50874f75fd80'],f137ce08-41d0-4cb7-906f-50874f75fd80,932.495
f1de709c-0da1-4ea3-b1d7-7cb3336246b3,4c378326-6260-476a-bf24-8862b7ada7e0,1729.591,a6463bd7-3a3e-419a-9cf5-5de7f4d23110,5863.992,"['a6463bd7-3a3e-419a-9cf5-5de7f4d23110', 'd4e50261-9303-4b9b-8f52-ed9d7903dd58', 'cda6e0d7-8641-4943-94e7-997c3a504b43', 'f5d03633-ba23-4de9-80ea-e5ae1b82acfa', 'ae0ccc6e-5f91-4a58-a60b-68e8ebcdc797', 'c571aaff-74e9-41d4-8e51-e0aab8fffe1f']",c571aaff-74e9-41d4-8e51-e0aab8fffe1f,851.219
23dd6a45-3656-435b-b3b1-c16efab9daeb,f3a93c78-b5be-4486-882f-d2b2f50e6f21,2559.392,4267fc81-0e9f-40ca-84c8-84529958dc22,5102.6669999999995,"['4267fc81-0e9f-40ca-84c8-84529958dc22', 'a877cb39-2290-48c3-b6a6-0f4feaf0146a', '96f84def-7438-4e29-b45b-3368a83544ca', '4bb7174d-f3a5-485b-bd5d-423a370c713d']",4bb7174d-f3a5-485b-bd5d-423a370c713d,1997.525
d56c4db0-7934-4d78-a43e-f606e2ebe9d2,297568af-379d-4dab-badd-4ba76e48d900,2765.274,297568af-379d-4dab-badd-4ba76e48d900,2765.274,['297568af-379d-4dab-badd-4ba76e48d900'],297568af-379d-4dab-badd-4ba76e48d900,2765.274
f4757abf-5db7-4f0e-a7cc-0c437012a72e,ff8e3dfc-15b8-44e4-b972-8fd7bf356f8d,1423.833,ff8e3dfc-15b8-44e4-b972-8fd7bf356f8d,1568.406,"['ff8e3dfc-15b8-44e4-b972-8fd7bf356f8d', 'd3a1fe88-51a0-4558-a376-5c614106e50b', '9b09549f-3f66-4a26-beda-db793cd49363']",9b09549f-3f66-4a26-beda-db793cd49363,277.329
80995085-677e-40c5-a7eb-3e6be9c04193,6551b0b5-d6b9-4172-8b26-7bdabb4479d2,1303.294,6551b0b5-d6b9-4172-8b26-7bdabb4479d2,1303.294,['6551b0b5-d6b9-4172-8b26-7bdabb4479d2'],6551b0b5-d6b9-4172-8b26-7bdabb4479d2,1303.294
955bca73-4483-45af-ae38-adddd0751bf7,541c5949-ab47-4a42-83df-2f5653718d5a,3076.747,541c5949-ab47-4a42-83df-2f5653718d5a,3098.9089999999997,"['541c5949-ab47-4a42-83df-2f5653718d5a', 'ba2f6994-38f1-4619-a7ee-4c6569749c21']",ba2f6994-38f1-4619-a7ee-4c6569749c21,1703.232
a7a55e1e-6078-4457-89fd-ab69814da42e,4bff2522-5be9-48b5-a093-603936f6af1c,3211.696,4267fc81-0e9f-40ca-84c8-84529958dc22,7534.700999999999,"['4267fc81-0e9f-40ca-84c8-84529958dc22', 'a877cb39-2290-48c3-b6a6-0f4feaf0146a', '96f84def-7438-4e29-b45b-3368a83544ca', '4bb7174d-f3a5-485b-bd5d-423a370c713d', '23dd6a45-3656-435b-b3b1-c16efab9daeb', 'c30b6800-1281-4cee-8dd9-ba3e5c5802fd']",c30b6800-1281-4cee-8dd9-ba3e5c5802fd,1251.848
85495887-5439-4f49-82a9-8e0a031b9dc4,6551b0b5-d6b9-4172-8b26-7bdabb4479d2,2409.917,6551b0b5-d6b9-4172-8b26-7bdabb4479d2,2409.917,['6551b0b5-d6b9-4172-8b26-7bdabb4479d2'],6551b0b5-d6b9-4172-8b26-7bdabb4479d2,2409.917
e34166df-938f-4a6a-8297-8e62472c190a,f4723800-dc71-4c6e-a2c3-31a8ad7b31e0,3263.449,99fbad83-671b-47b4-9241-af3aa1e160ce,8613.600999999999,"['99fbad83-671b-47b4-9241-af3aa1e160ce', '8212c26b-ccf0-4c70-8c8b-0bd759f2cbff', '1f8a8a01-714b-40f2-b55d-fbcb916dd75f', 'ef55a242-71c2-4895-9d7f-7cc87011cc24', '1e1ce347-2c9a-42a9-8cad-29811f0a9f8e', '5529ea39-d40f-4c80-a308-07fe2fb85cfa']",5529ea39-d40f-4c80-a308-07fe2fb85cfa,2354.511
0b373675-de87-476b-9262-a0f7d9fe97c7,541c5949-ab47-4a42-83df-2f5653718d5a,2690.802,541c5949-ab47-4a42-83df-2f5653718d5a,3076.4139999999998,"['541c5949-ab47-4a42-83df-2f5653718d5a', 'ba2f6994-38f1-4619-a7ee-4c6569749c21']",ba2f6994-38f1-4619-a7ee-4c6569749c21,1680.737
033ae344-5dde-4ee7-8abd-9c83729197bf,b6944aba-e776-4933-b1e1-73581c3699ac,965.494,b6944aba-e776-4933-b1e1-73581c3699ac,965.494,['b6944aba-e776-4933-b1e1-73581c3699ac'],b6944aba-e776-4933-b1e1-73581c3699ac,965.494
d3a1fe88-51a0-4558-a376-5c614106e50b,ff8e3dfc-15b8-44e4-b972-8fd7bf356f8d,383.54,ff8e3dfc-15b8-44e4-b972-8fd7bf356f8d,383.54,['ff8e3dfc-15b8-44e4-b972-8fd7bf356f8d'],ff8e3dfc-15b8-44e4-b972-8fd7bf356f8d,383.54
77e031da-1d23-48c2-853e-25d1830dabd1,ffaa16a6-ea8c-4609-bf7f-d75b9814b005,1123.699,ffaa16a6-ea8c-4609-bf7f-d75b9814b005,1123.699,['ffaa16a6-ea8c-4609-bf7f-d75b9814b005'],ffaa16a6-ea8c-4609-bf7f-d75b9814b005,1123.699
9be3e912-c023-4888-847f-f74ab5085a94,f1258afa-9fe6-46f8-89a4-75826b810986,4551.288,f1258afa-9fe6-46f8-89a4-75826b810986,8484.295,"['f1258afa-9fe6-46f8-89a4-75826b810986', '04da0ba1-3b87-4a8e-bb66-72ac9a19f1cd', 'ef6eb534-04e9-4265-bc5b-1543f3452634', 'b4129fb7-6eff-4f64-9302-d56ca0ffd434']",b4129fb7-6eff-4f64-9302-d56ca0ffd434,2368.438
4bb7174d-f3a5-485b-bd5d-423a370c713d,4267fc81-0e9f-40ca-84c8-84529958dc22,2274.262,4267fc81-0e9f-40ca-84c8-84529958dc22,3105.142,"['4267fc81-0e9f-40ca-84c8-84529958dc22', 'a877cb39-2290-48c3-b6a6-0f4feaf0146a', '96f84def-7438-4e29-b45b-3368a83544ca']",96f84def-7438-4e29-b45b-3368a83544ca,876.209
5b9fbca7-20b7-4b7a-8555-1be8137a8e12,278a16fe-081f-4d8d-bd4b-8fd8400ae23f,660.705,278a16fe-081f-4d8d-bd4b-8fd8400ae23f,660.705,['278a16fe-081f-4d8d-bd4b-8fd8400ae23f'],278a16fe-081f-4d8d-bd4b-8fd8400ae23f,660.705
f9394e7c-c097-4bd1-98c1-c36ab13dde8e,de75c87b-2676-47be-8454-4c44c4e6f644,1918.928,de75c87b-2676-47be-8454-4c44c4e6f644,2409.501,"['de75c87b-2676-47be-8454-4c44c4e6f644', '249cd328-89bc-4d29-a98f-1c733aae4201']",249cd328-89bc-4d29-a98f-1c733aae4201,1427.395
798ec30c-be58-4b93-9ebb-e6979cf73336,99fbad83-671b-47b4-9241-af3aa1e160ce,910.853,99fbad83-671b-47b4-9241-af3aa1e160ce,1349.444,"['99fbad83-671b-47b4-9241-af3aa1e160ce', '8212c26b-ccf0-4c70-8c8b-0bd759f2cbff']",8212c26b-ccf0-4c70-8c8b-0bd759f2cbff,727.908
2b2ca058-e2b5-4ce2-a075-c3075f9027ef,c43ce78b-33f7-45b5-8763-ae7bca7fb995,1474.225,c43ce78b-33f7-45b5-8763-ae7bca7fb995,1474.225,['c43ce78b-33f7-45b5-8763-ae7bca7fb995'],c43ce78b-33f7-45b5-8763-ae7bca7fb995,1474.225
005e4a38-ee50-41b2-a7ba-fd8fd86c5179,a6463bd7-3a3e-419a-9cf5-5de7f4d23110,2383.833,a6463bd7-3a3e-419a-9cf5-5de7f4d23110,2389.895,"['a6463bd7-3a3e-419a-9cf5-5de7f4d23110', '563a183d-5d94-4e7f-810c-b5bf6d28a766']",563a183d-5d94-4e7f-810c-b5bf6d28a766,1863.578
08d556b6-931d-4029-a82c-e651113c6d63,4bff2522-5be9-48b5-a093-603936f6af1c,2808.997,4267fc81-0e9f-40ca-84c8-84529958dc22,8117.248,"['4267fc81-0e9f-40ca-84c8-84529958dc22', 'a877cb39-2290-48c3-b6a6-0f4feaf0146a', '96f84def-7438-4e29-b45b-3368a83544ca', '4bb7174d-f3a5-485b-bd5d-423a370c713d', '23dd6a45-3656-435b-b3b1-c16efab9daeb', 'c30b6800-1281-4cee-8dd9-ba3e5c5802fd', 'a7a55e1e-6078-4457-89fd-ab69814da42e']",a7a55e1e-6078-4457-89fd-ab69814da42e,582.547
1fa23b03-6f38-49e7-98de-c0d5a352d05a,297568af-379d-4dab-badd-4ba76e48d900,1030.187,297568af-379d-4dab-badd-4ba76e48d900,1030.187,['297568af-379d-4dab-badd-4ba76e48d900'],297568af-379d-4dab-badd-4ba76e48d900,1030.187
eadb65ff-99dc-4bd3-bb21-619a55a73b34,926790f6-1345-4cab-92eb-0d28185e2d54,2825.867,541c5949-ab47-4a42-83df-2f5653718d5a,8370.111,"['541c5949-ab47-4a42-83df-2f5653718d5a', 'ba2f6994-38f1-4619-a7ee-4c6569749c21', '955bca73-4483-45af-ae38-adddd0751bf7', '5a88dfd9-2448-4643-8446-ec81f79f236e', '1914138c-459b-4d5d-8aff-23f1aca8965c']",1914138c-459b-4d5d-8aff-23f1aca8965c,2353.907
6e4190d2-b21e-4c48-8cde-59bb39329f62,8ad3e27f-e257-40bb-bdde-005c547536e8,1879.1,8ad3e27f-e257-40bb-bdde-005c547536e8,1879.1,['8ad3e27f-e257-40bb-bdde-005c547536e8'],8ad3e27f-e257-40bb-bdde-005c547536e8,1879.1
b4129fb7-6eff-4f64-9302-d56ca0ffd434,f1258afa-9fe6-46f8-89a4-75826b810986,5308.899,f1258afa-9fe6-46f8-89a4-75826b810986,6115.857,"['f1258afa-9fe6-46f8-89a4-75826b810986', '04da0ba1-3b87-4a8e-bb66-72ac9a19f1cd', 'ef6eb534-04e9-4265-bc5b-1543f3452634']",ef6eb534-04e9-4265-bc5b-1543f3452634,2831.498
c397425a-2403-401c-a663-74d40571c94a,de75c87b-2676-47be-8454-4c44c4e6f644,2818.682,b7e56176-ea86-45a8-b494-4a9cefb4a75b,3726.247,"['b7e56176-ea86-45a8-b494-4a9cefb4a75b', 'f01b7a6c-8d4e-4a7c-89f8-ef79eff4aab5']",f01b7a6c-8d4e-4a7c-89f8-ef79eff4aab5,1615.895
9197581a-d64d-40ee-964b-f6c1822fd28f,541c5949-ab47-4a42-83df-2f5653718d5a,4454.387,541c5949-ab47-4a42-83df-2f5653718d5a,4984.9169999999995,"['541c5949-ab47-4a42-83df-2f5653718d5a', 'ba2f6994-38f1-4619-a7ee-4c6569749c21', '0b373675-de87-476b-9262-a0f7d9fe97c7', '775b863e-688e-45e8-b12e-956a3144bd35']",775b863e-688e-45e8-b12e-956a3144bd35,331.02
9b09549f-3f66-4a26-beda-db793cd49363,ff8e3dfc-15b8-44e4-b972-8fd7bf356f8d,1173.878,ff8e3dfc-15b8-44e4-b972-8fd7bf356f8d,1291.077,"['ff8e3dfc-15b8-44e4-b972-8fd7bf356f8d', 'd3a1fe88-51a0-4558-a376-5c614106e50b']",d3a1fe88-51a0-4558-a376-5c614106e50b,907.537
7e7edbb0-41db-4dda-b507-37cb0493d1fa,8ad3e27f-e257-40bb-bdde-005c547536e8,1322.45,8ad3e27f-e257-40bb-bdde-005c547536e8,1322.45,['8ad3e27f-e257-40bb-bdde-005c547536e8'],8ad3e27f-e257-40bb-bdde-005c547536e8,1322.45
c571aaff-74e9-41d4-8e51-e0aab8fffe1f,4c378326-6260-476a-bf24-8862b7ada7e0,2187.793,a6463bd7-3a3e-419a-9cf5-5de7f4d23110,5012.773,"['a6463bd7-3a3e-419a-9cf5-5de7f4d23110', 'd4e50261-9303-4b9b-8f52-ed9d7903dd58', 'cda6e0d7-8641-4943-94e7-997c3a504b43', 'f5d03633-ba23-4de9-80ea-e5ae1b82acfa', 'ae0ccc6e-5f91-4a58-a60b-68e8ebcdc797']",ae0ccc6e-5f91-4a58-a60b-68e8ebcdc797,725.749
e8fc47f3-4cc1-4e0e-8483-095a08f064e0,4c378326-6260-476a-bf24-8862b7ada7e0,1490.77,a6463bd7-3a3e-419a-9cf5-5de7f4d23110,6169.499,"['a6463bd7-3a3e-419a-9cf5-5de7f4d23110', 'd4e50261-9303-4b9b-8f52-ed9d7903dd58', 'cda6e0d7-8641-4943-94e7-997c3a504b43', 'f5d03633-ba23-4de9-80ea-e5ae1b82acfa', 'ae0ccc6e-5f91-4a58-a60b-68e8ebcdc797', 'c571aaff-74e9-41d4-8e51-e0aab8fffe1f', 'f1de709c-0da1-4ea3-b1d7-7cb3336246b3']",f1de709c-0da1-4ea3-b1d7-7cb3336246b3,305.507
18f3f320-cd31-4249-829c-71d90dc9a918,546946f0-9fba-4ff1-ab05-c8cc691651d6,1954.501,546946f0-9fba-4ff1-ab05-c8cc691651d6,2251.043,"['546946f0-9fba-4ff1-ab05-c8cc691651d6', '74529871-b1ea-4c57-8874-709bf7554e64']",74529871-b1ea-4c57-8874-709bf7554e64,401.772
2f4c020c-6569-4220-9152-d47361213edb,278a16fe-081f-4d8d-bd4b-8fd8400ae23f,1055.768,278a16fe-081f-4d8d-bd4b-8fd8400ae23f,1055.768,['278a16fe-081f-4d8d-bd4b-8fd8400ae23f'],278a16fe-081f-4d8d-bd4b-8fd8400ae23f,1055.768
760b035f-e361-4d37-a95f-5b6f7ac93bbf,278a16fe-081f-4d8d-bd4b-8fd8400ae23f,2885.085,278a16fe-081f-4d8d-bd4b-8fd8400ae23f,2996.833,"['278a16fe-081f-4d8d-bd4b-8fd8400ae23f', '5b9fbca7-20b7-4b7a-8555-1be8137a8e12']",5b9fbca7-20b7-4b7a-8555-1be8137a8e12,2336.128
1472ba6a-9a43-4921-a751-efedc0e5fcf4,a6463bd7-3a3e-419a-9cf5-5de7f4d23110,2216.297,a6463bd7-3a3e-419a-9cf5-5de7f4d23110,4422.787,"['a6463bd7-3a3e-419a-9cf5-5de7f4d23110', 'd4e50261-9303-4b9b-8f52-ed9d7903dd58', 'cda6e0d7-8641-4943-94e7-997c3a504b43']",cda6e0d7-8641-4943-94e7-997c3a504b43,1974.537
03116452-1288-434e-83d5-fed21199c4a8,090dcd28-f45e-42b6-be51-73fa90b3e7f7,478.98,090dcd28-f45e-42b6-be51-73fa90b3e7f7,478.98,['090dcd28-f45e-42b6-be51-73fa90b3e7f7'],090dcd28-f45e-42b6-be51-73fa90b3e7f7,478.98
07514ee2-1dd3-4e93-a5fb-8a1a70b64edd,8ad3e27f-e257-40bb-bdde-005c547536e8,277.562,8ad3e27f-e257-40bb-bdde-005c547536e8,277.562,['8ad3e27f-e257-40bb-bdde-005c547536e8'],8ad3e27f-e257-40bb-bdde-005c547536e8,277.562
5529ea39-d40f-4c80-a308-07fe2fb85cfa,f4723800-dc71-4c6e-a2c3-31a8ad7b31e0,3699.657,99fbad83-671b-47b4-9241-af3aa1e160ce,6259.089999999999,"['99fbad83-671b-47b4-9241-af3aa1e160ce', '8212c26b-ccf0-4c70-8c8b-0bd759f2cbff', '1f8a8a01-714b-40f2-b55d-fbcb916dd75f', 'ef55a242-71c2-4895-9d7f-7cc87011cc24', '1e1ce347-2c9a-42a9-8cad-29811f0a9f8e']",1e1ce347-2c9a-42a9-8cad-29811f0a9f8e,964.592
ba2f6994-38f1-4619-a7ee-4c6569749c21,541c5949-ab47-4a42-83df-2f5653718d5a,1395.677,541c5949-ab47-4a42-83df-2f5653718d5a,1395.677,['541c5949-ab47-4a42-83df-2f5653718d5a'],541c5949-ab47-4a42-83df-2f5653718d5a,1395.677
1914138c-459b-4d5d-8aff-23f1aca8965c,3555590c-de40-4e86-93df-8524dbc6c4c7,3091.008,541c5949-ab47-4a42-83df-2f5653718d5a,6016.204,"['541c5949-ab47-4a42-83df-2f5653718d5a', 'ba2f6994-38f1-4619-a7ee-4c6569749c21', '955bca73-4483-45af-ae38-adddd0751bf7', '5a88dfd9-2448-4643-8446-ec81f79f236e']",5a88dfd9-2448-4643-8446-ec81f79f236e,1155.883
386b10fd-d902-4f9a-aa89-70120f982487,3555590c-de40-4e86-93df-8524dbc6c4c7,2092.677,546946f0-9fba-4ff1-ab05-c8cc691651d6,3597.7380000000003,"['546946f0-9fba-4ff1-ab05-c8cc691651d6', '74529871-b1ea-4c57-8874-709bf7554e64']",74529871-b1ea-4c57-8874-709bf7554e64,1748.467
c30b6800-1281-4cee-8dd9-ba3e5c5802fd,f3a93c78-b5be-4486-882f-d2b2f50e6f21,2576.441,4267fc81-0e9f-40ca-84c8-84529958dc22,6282.852999999999,"['4267fc81-0e9f-40ca-84c8-84529958dc22', 'a877cb39-2290-48c3-b6a6-0f4feaf0146a', '96f84def-7438-4e29-b45b-3368a83544ca', '4bb7174d-f3a5-485b-bd5d-423a370c713d', '23dd6a45-3656-435b-b3b1-c16efab9daeb']",23dd6a45-3656-435b-b3b1-c16efab9daeb,1180.186
cf36cf3c-dc91-4d53-8f30-5a9a5c4e7200,f137ce08-41d0-4cb7-906f-50874f75fd80,2857.491,f137ce08-41d0-4cb7-906f-50874f75fd80,3002.8849999999998,"['f137ce08-41d0-4cb7-906f-50874f75fd80', '8dc18b71-d2aa-4396-aed1-3918a7c78302']",8dc18b71-d2aa-4396-aed1-3918a7c78302,2070.39
