poi_id,lat,lon,cell_site_dist,4G_coverage,is_connected,is_visible,num_visible,fiber_length_1km,mst_solution_1km,fiber_length_2km,mst_solution_2km,fiber_length_3km,mst_solution_3km,fiber_length_4km,mst_solution_4km,fiber_length_5km,mst_solution_5km,fiber_length_6km,mst_solution_6km,fiber_length_7km,mst_solution_7km,fiber_length_8km,mst_solution_8km,fiber_length_9km,mst_solution_9km,fiber_length_10km,mst_solution_10km,fiber_length_11km,mst_solution_11km,fiber_length_12km,mst_solution_12km,fiber_length_13km,mst_solution_13km,fiber_length_14km,mst_solution_14km,fiber_length_15km,mst_solution_15km,technology_1km,technology_2km,technology_3km,technology_4km,technology_5km,technology_6km,technology_7km,technology_8km,technology_9km,technology_10km,technology_11km,technology_12km,technology_13km,technology_14km,technology_15km
005e4a38-ee50-41b2-a7ba-fd8fd86c5179,38.9309528,1.286008074,1026,0.0,0,True,3,,0.0,1.863578,1.0,1.863578,1.0,1.863578,1.0,1.863578,1.0,1.863578,1.0,1.863578,1.0,1.863578,1.0,1.863578,1.0,1.863578,1.0,1.863578,1.0,1.863578,1.0,1.863578,1.0,1.863578,1.0,1.863578,1.0,Additional P2P microwave,Fiber,Fiber,Fiber,Fiber,Fiber,Fiber,Fiber,Fiber,Fiber,Fiber,Fiber,Fiber,Fiber,Fiber
019d2f45-228e-4943-b302-1af7cb2ae820,38.9426318,1.238764234,1982,0.0,0,False,0,,0.0,,0.0,2.0058030000000002,1.0,2.0058030000000002,1.0,2.0058030000000002,1.0,2.0058030000000002,1.0,2.0058030000000002,1.0,2.0058030000000002,1.0,2.0058030000000002,1.0,2.0058030000000002,1.0,2.0058030000000002,1.0,2.0058030000000002,1.0,2.0058030000000002,1.0,2.0058030000000002,1.0,2.0058030000000002,1.0,Satellite,Satellite,Fiber,Fiber,Fiber,Fiber,Fiber,Fiber,Fiber,Fiber,Fiber,Fiber,Fiber,Fiber,Fiber
03116452-1288-434e-83d5-fed21199c4a8,39.04222339,1.509642134,658,0.0,0,True,3,0.47898,1.0,0.47898,1.0,0.47898,1.0,0.47898,1.0,0.47898,1.0,0.47898,1.0,0.47898,1.0,0.47898,1.0,0.47898,1.0,0.47898,1.0,0.47898,1.0,0.47898,1.0,0.47898,1.0,0.47898,1.0,0.47898,1.0,Fiber,Fiber,Fiber,Fiber,Fiber,Fiber,Fiber,Fiber,Fiber,Fiber,Fiber,Fiber,Fiber,Fiber,Fiber
033ae344-5dde-4ee7-8abd-9c83729197bf,38.91547977,1.245338784,610,0.0,0,True,1,0.9654940000000001,1.0,0.9654940000000001,1.0,0.9654940000000001,1.0,0.9654940000000001,1.0,0.9654940000000001,1.0,0.9654940000000001,1.0,0.9654940000000001,1.0,0.9654940000000001,1.0,0.9654940000000001,1.0,0.9654940000000001,1.0,0.9654940000000001,1.0,0.9654940000000001,1.0,0.9654940000000001,1.0,0.9654940000000001,1.0,0.9654940000000001,1.0,Fiber,Fiber,Fiber,Fiber,Fiber,Fiber,Fiber,Fiber,Fiber,Fiber,Fiber,Fiber,Fiber,Fiber,Fiber
04da0ba1-3b87-4a8e-bb66-72ac9a19f1cd,38.88978634,1.385841056,924,0.0,0,True,3,,0.0,,0.0,2.087119,1.0,2.087119,1.0,2.087119,1.0,2.087119,1.0,2.087119,1.0,2.087119,1.0,2.087119,1.0,2.087119,1.0,2.087119,1.0,2.087119,1.0,2.087119,1.0,2.087119,1.0,2.087119,1.0,Additional P2P microwave,Additional P2P microwave,Fiber,Fiber,Fiber,Fiber,Fiber,Fiber,Fiber,Fiber,Fiber,Fiber,Fiber,Fiber,Fiber
07514ee2-1dd3-4e93-a5fb-8a1a70b64edd,39.04410963,1.566748446,2063,0.0,0,True,2,0.27756200000000003,1.0,0.27756200000000003,1.0,0.27756200000000003,1.0,0.27756200000000003,1.0,0.27756200000000003,1.0,0.27756200000000003,1.0,0.27756200000000003,1.0,0.27756200000000003,1.0,0.27756200000000003,1.0,0.27756200000000003,1.0,0.27756200000000003,1.0,0.27756200000000003,1.0,0.27756200000000003,1.0,0.27756200000000003,1.0,0.27756200000000003,1.0,Fiber,Fiber,Fiber,Fiber,Fiber,Fiber,Fiber,Fiber,Fiber,Fiber,Fiber,Fiber,Fiber,Fiber,Fiber
08d556b6-931d-4029-a82c-e651113c6d63,39.01980367,1.58176983,2547,0.0,0,True,1,,0.0,0.582547,1.0,0.582547,1.0,0.582547,1.0,0.582547,1.0,0.582547,1.0,0.582547,1.0,0.582547,1.0,0.582547,1.0,0.582547,1.0,0.582547,1.0,0.582547,1.0,0.582547,1.0,0.582547,1.0,0.582547,1.0,Additional P2P microwave,Fiber,Fiber,Fiber,Fiber,Fiber,Fiber,Fiber,Fiber,Fiber,Fiber,Fiber,Fiber,Fiber,Fiber
0b373675-de87-476b-9262-a0f7d9fe97c7,38.98843938,1.425056641,934,0.0,0,True,3,,0.0,1.6807370000000001,1.0,1.6807370000000001,1.0,1.6807370000000001,1.0,1.6807370000000001,1.0,1.6807370000000001,1.0,1.6807370000000001,1.0,1.6807370000000001,1.0,1.6807370000000001,1.0,1.6807370000000001,1.0,1.6807370000000001,1.0,1.6807370000000001,1.0,1.6807370000000001,1.0,1.6807370000000001,1.0,1.6807370000000001,1.0,Additional P2P microwave,Fiber,Fiber,Fiber,Fiber,Fiber,Fiber,Fiber,Fiber,Fiber,Fiber,Fiber,Fiber,Fiber,Fiber
1332292e-3d0f-4aa3-bf72-1a22752dea15,39.05934325,1.350554245,128,0.0,0,True,3,,0.0,,0.0,,0.0,0.473545,1.0,0.473545,1.0,0.473545,1.0,0.473545,1.0,0.473545,1.0,0.473545,1.0,0.473545,1.0,0.473545,1.0,0.473545,1.0,0.473545,1.0,0.473545,1.0,0.473545,1.0,Additional P2P microwave,Additional P2P microwave,Additional P2P microwave,Fiber,Fiber,Fiber,Fiber,Fiber,Fiber,Fiber,Fiber,Fiber,Fiber,Fiber,Fiber
1472ba6a-9a43-4921-a751-efedc0e5fcf4,38.92541254,1.336193129,505,0.0,0,True,3,,0.0,1.974537,1.0,1.974537,1.0,1.974537,1.0,1.974537,1.0,1.974537,1.0,1.974537,1.0,1.974537,1.0,1.974537,1.0,1.974537,1.0,1.974537,1.0,1.974537,1.0,1.974537,1.0,1.974537,1.0,1.974537,1.0,Additional P2P microwave,Fiber,Fiber,Fiber,Fiber,Fiber,Fiber,Fiber,Fiber,Fiber,Fiber,Fiber,Fiber,Fiber,Fiber
18f3f320-cd31-4249-829c-71d90dc9a918,38.9354761,1.489272793,2145,0.0,0,False,0,,0.0,0.401772,1.0,0.401772,1.0,0.401772,1.0,0.401772,1.0,0.401772,1.0,0.401772,1.0,0.401772,1.0,0.401772,1.0,0.401772,1.0,0.401772,1.0,0.401772,1.0,0.401772,1.0,0.401772,1.0,0.401772,1.0,Satellite,Fiber,Fiber,Fiber,Fiber,Fiber,Fiber,Fiber,Fiber,Fiber,Fiber,Fiber,Fiber,Fiber,Fiber
1914138c-459b-4d5d-8aff-23f1aca8965c,38.95305666,1.448931843,412,0.0,0,True,3,,0.0,1.155883,1.0,1.155883,1.0,1.155883,1.0,1.155883,1.0,1.155883,1.0,1.155883,1.0,1.155883,1.0,1.155883,1.0,1.155883,1.0,1.155883,1.0,1.155883,1.0,1.155883,1.0,1.155883,1.0,1.155883,1.0,Additional P2P microwave,Fiber,Fiber,Fiber,Fiber,Fiber,Fiber,Fiber,Fiber,Fiber,Fiber,Fiber,Fiber,Fiber,Fiber
19e7719f-cf3d-456a-9aac-b00ec55013e1,39.06687031,1.439501167,1859,0.0,0,True,2,,0.0,1.861367,1.0,1.861367,1.0,1.861367,1.0,1.861367,1.0,1.861367,1.0,1.861367,1.0,1.861367,1.0,1.861367,1.0,1.861367,1.0,1.861367,1.0,1.861367,1.0,1.861367,1.0,1.861367,1.0,1.861367,1.0,Additional P2P microwave,Fiber,Fiber,Fiber,Fiber,Fiber,Fiber,Fiber,Fiber,Fiber,Fiber,Fiber,Fiber,Fiber,Fiber
1e1ce347-2c9a-42a9-8cad-29811f0a9f8e,38.8986367,1.361241211,1840,0.0,0,True,3,,0.0,,0.0,0.7266520000000001,1.0,0.7266520000000001,1.0,0.7266520000000001,1.0,0.7266520000000001,1.0,0.7266520000000001,1.0,0.7266520000000001,1.0,0.7266520000000001,1.0,0.7266520000000001,1.0,0.7266520000000001,1.0,0.7266520000000001,1.0,0.7266520000000001,1.0,0.7266520000000001,1.0,0.7266520000000001,1.0,Additional P2P microwave,Additional P2P microwave,Fiber,Fiber,Fiber,Fiber,Fiber,Fiber,Fiber,Fiber,Fiber,Fiber,Fiber,Fiber,Fiber
1f8a8a01-714b-40f2-b55d-fbcb916dd75f,38.89703316,1.327597846,2333,0.0,0,True,1,,0.0,1.6449280000000002,1.0,1.6449280000000002,1.0,1.6449280000000002,1.0,1.6449280000000002,1.0,1.6449280000000002,1.0,1.6449280000000002,1.0,1.6449280000000002,1.0,1.6449280000000002,1.0,1.6449280000000002,1.0,1.6449280000000002,1.0,1.6449280000000002,1.0,1.6449280000000002,1.0,1.6449280000000002,1.0,1.6449280000000002,1.0,Additional P2P microwave,Fiber,Fiber,Fiber,Fiber,Fiber,Fiber,Fiber,Fiber,Fiber,Fiber,Fiber,Fiber,Fiber,Fiber
1fa23b03-6f38-49e7-98de-c0d5a352d05a,39.086867,1.486454693,270,0.0,0,True,3,,0.0,1.030187,1.0,1.030187,1.0,1.030187,1.0,1.030187,1.0,1.030187,1.0,1.030187,1.0,1.030187,1.0,1.030187,1.0,1.030187,1.0,1.030187,1.0,1.030187,1.0,1.030187,1.0,1.030187,1.0,1.030187,1.0,Additional P2P microwave,Fiber,Fiber,Fiber,Fiber,Fiber,Fiber,Fiber,Fiber,Fiber,Fiber,Fiber,Fiber,Fiber,Fiber
20de2790-fc66-422b-a12f-6a5f65c00470,38.91804214,1.432341493,1652,0.0,0,True,3,0.441601,1.0,0.441601,1.0,0.441601,1.0,0.441601,1.0,0.441601,1.0,0.441601,1.0,0.441601,1.0,0.441601,1.0,0.441601,1.0,0.441601,1.0,0.441601,1.0,0.441601,1.0,0.441601,1.0,0.441601,1.0,0.441601,1.0,Fiber,Fiber,Fiber,Fiber,Fiber,Fiber,Fiber,Fiber,Fiber,Fiber,Fiber,Fiber,Fiber,Fiber,Fiber
23dd6a45-3656-435b-b3b1-c16efab9daeb,39.00777101,1.561872175,1158,1.0,0,True,3,,0.0,1.997525,1.0,1.997525,1.0,1.997525,1.0,1.997525,1.0,1.997525,1.0,1.997525,1.0,1.997525,1.0,1.997525,1.0,1.997525,1.0,1.997525,1.0,1.997525,1.0,1.997525,1.0,1.997525,1.0,1.997525,1.0,Existing cellular,Fiber,Fiber,Fiber,Fiber,Fiber,Fiber,Fiber,Fiber,Fiber,Fiber,Fiber,Fiber,Fiber,Fiber
249cd328-89bc-4d29-a98f-1c733aae4201,38.98430143,1.353788387,512,0.0,0,True,3,,0.0,1.427395,1.0,1.427395,1.0,1.427395,1.0,1.427395,1.0,1.427395,1.0,1.427395,1.0,1.427395,1.0,1.427395,1.0,1.427395,1.0,1.427395,1.0,1.427395,1.0,1.427395,1.0,1.427395,1.0,1.427395,1.0,Additional P2P microwave,Fiber,Fiber,Fiber,Fiber,Fiber,Fiber,Fiber,Fiber,Fiber,Fiber,Fiber,Fiber,Fiber,Fiber
292f0d20-f275-44f5-a40f-cf0e80c3a067,38.97752283,1.407620621,1084,0.0,0,True,3,,0.0,0.190141,1.0,0.190141,1.0,0.190141,1.0,0.190141,1.0,0.190141,1.0,0.190141,1.0,0.190141,1.0,0.190141,1.0,0.190141,1.0,0.190141,1.0,0.190141,1.0,0.190141,1.0,0.190141,1.0,0.190141,1.0,Additional P2P microwave,Fiber,Fiber,Fiber,Fiber,Fiber,Fiber,Fiber,Fiber,Fiber,Fiber,Fiber,Fiber,Fiber,Fiber
2b2ca058-e2b5-4ce2-a075-c3075f9027ef,39.07637005,1.413143902,689,0.0,0,False,0,,0.0,1.474225,1.0,1.474225,1.0,1.474225,1.0,1.474225,1.0,1.474225,1.0,1.474225,1.0,1.474225,1.0,1.474225,1.0,1.474225,1.0,1.474225,1.0,1.474225,1.0,1.474225,1.0,1.474225,1.0,1.474225,1.0,Satellite,Fiber,Fiber,Fiber,Fiber,Fiber,Fiber,Fiber,Fiber,Fiber,Fiber,Fiber,Fiber,Fiber,Fiber
2e783986-86c8-40c6-905c-837d9112f4f7,38.97096944,1.359549418,814,0.0,0,True,3,,0.0,0.7403609999999999,1.0,0.7403609999999999,1.0,0.7403609999999999,1.0,0.7403609999999999,1.0,0.7403609999999999,1.0,0.7403609999999999,1.0,0.7403609999999999,1.0,0.7403609999999999,1.0,0.7403609999999999,1.0,0.7403609999999999,1.0,0.7403609999999999,1.0,0.7403609999999999,1.0,0.7403609999999999,1.0,0.7403609999999999,1.0,Additional P2P microwave,Fiber,Fiber,Fiber,Fiber,Fiber,Fiber,Fiber,Fiber,Fiber,Fiber,Fiber,Fiber,Fiber,Fiber
2f4c020c-6569-4220-9152-d47361213edb,39.02439169,1.490407817,744,0.0,0,True,3,,0.0,1.055768,1.0,1.055768,1.0,1.055768,1.0,1.055768,1.0,1.055768,1.0,1.055768,1.0,1.055768,1.0,1.055768,1.0,1.055768,1.0,1.055768,1.0,1.055768,1.0,1.055768,1.0,1.055768,1.0,1.055768,1.0,Additional P2P microwave,Fiber,Fiber,Fiber,Fiber,Fiber,Fiber,Fiber,Fiber,Fiber,Fiber,Fiber,Fiber,Fiber,Fiber
304e1e26-439a-45fb-8837-9a38fdc6ec41,38.92045977,1.443926473,1802,0.0,0,True,3,0.862034,1.0,0.862034,1.0,0.862034,1.0,0.862034,1.0,0.862034,1.0,0.862034,1.0,0.862034,1.0,0.862034,1.0,0.862034,1.0,0.862034,1.0,0.862034,1.0,0.862034,1.0,0.862034,1.0,0.862034,1.0,0.862034,1.0,Fiber,Fiber,Fiber,Fiber,Fiber,Fiber,Fiber,Fiber,Fiber,Fiber,Fiber,Fiber,Fiber,Fiber,Fiber
316677be-d43e-4119-ac88-7b54e561fb17,39.0051067,1.454736686,569,0.0,0,True,3,0.743332,1.0,0.743332,1.0,0.743332,1.0,0.743332,1.0,0.743332,1.0,0.743332,1.0,0.743332,1.0,0.743332,1.0,0.743332,1.0,0.743332,1.0,0.743332,1.0,0.743332,1.0,0.743332,1.0,0.743332,1.0,0.743332,1.0,Fiber,Fiber,Fiber,Fiber,Fiber,Fiber,Fiber,Fiber,Fiber,Fiber,Fiber,Fiber,Fiber,Fiber,Fiber
34cb2c0a-8709-4603-afe6-76f630165788,38.89706249,1.288587958,3321,0.0,0,True,2,,0.0,0.417293,1.0,0.417293,1.0,0.417293,1.0,0.417293,1.0,0.417293,1.0,0.417293,1.0,0.417293,1.0,0.417293,1.0,0.417293,1.0,0.417293,1.0,0.417293,1.0,0.417293,1.0,0.417293,1.0,0.417293,1.0,Additional P2P microwave,Fiber,Fiber,Fiber,Fiber,Fiber,Fiber,Fiber,Fiber,Fiber,Fiber,Fiber,Fiber,Fiber,Fiber
35e45aa4-2e7b-47e3-8157-7f6caa51b3f2,38.83495517,1.370773233,1813,0.0,0,True,3,,0.0,,0.0,2.3047579999999996,1.0,2.3047579999999996,1.0,2.3047579999999996,1.0,2.3047579999999996,1.0,2.3047579999999996,1.0,2.3047579999999996,1.0,2.3047579999999996,1.0,2.3047579999999996,1.0,2.3047579999999996,1.0,2.3047579999999996,1.0,2.3047579999999996,1.0,2.3047579999999996,1.0,2.3047579999999996,1.0,Additional P2P microwave,Additional P2P microwave,Fiber,Fiber,Fiber,Fiber,Fiber,Fiber,Fiber,Fiber,Fiber,Fiber,Fiber,Fiber,Fiber
386b10fd-d902-4f9a-aa89-70120f982487,38.95031751,1.473349019,585,0.0,0,True,3,,0.0,1.748467,1.0,1.748467,1.0,1.748467,1.0,1.748467,1.0,1.748467,1.0,1.748467,1.0,1.748467,1.0,1.748467,1.0,1.748467,1.0,1.748467,1.0,1.748467,1.0,1.748467,1.0,1.748467,1.0,1.748467,1.0,Additional P2P microwave,Fiber,Fiber,Fiber,Fiber,Fiber,Fiber,Fiber,Fiber,Fiber,Fiber,Fiber,Fiber,Fiber,Fiber
3c1b571e-ab30-4c81-832d-51bdfef51bba,38.97033793,1.2855323,591,0.0,0,True,3,0.88823,1.0,0.88823,1.0,0.88823,1.0,0.88823,1.0,0.88823,1.0,0.88823,1.0,0.88823,1.0,0.88823,1.0,0.88823,1.0,0.88823,1.0,0.88823,1.0,0.88823,1.0,0.88823,1.0,0.88823,1.0,0.88823,1.0,Fiber,Fiber,Fiber,Fiber,Fiber,Fiber,Fiber,Fiber,Fiber,Fiber,Fiber,Fiber,Fiber,Fiber,Fiber
40a28229-3dbf-4f08-a516-3f46680a2e55,38.86416215,1.308331692,875,0.0,0,True,2,,0.0,,0.0,,0.0,3.574202,1.0,3.574202,1.0,3.574202,1.0,3.574202,1.0,3.574202,1.0,3.574202,1.0,3.574202,1.0,3.574202,1.0,3.574202,1.0,3.574202,1.0,3.574202,1.0,3.574202,1.0,Additional P2P microwave,Additional P2P microwave,Additional P2P microwave,Fiber,Fiber,Fiber,Fiber,Fiber,Fiber,Fiber,Fiber,Fiber,Fiber,Fiber,Fiber
4267fc81-0e9f-40ca-84c8-84529958dc22,39.00426587,1.525952107,1066,1.0,0,True,3,,0.0,1.6775239999999998,1.0,1.6775239999999998,1.0,1.6775239999999998,1.0,1.6775239999999998,1.0,1.6775239999999998,1.0,1.6775239999999998,1.0,1.6775239999999998,1.0,1.6775239999999998,1.0,1.6775239999999998,1.0,1.6775239999999998,1.0,1.6775239999999998,1.0,1.6775239999999998,1.0,1.6775239999999998,1.0,1.6775239999999998,1.0,Existing cellular,Fiber,Fiber,Fiber,Fiber,Fiber,Fiber,Fiber,Fiber,Fiber,Fiber,Fiber,Fiber,Fiber,Fiber
4bb7174d-f3a5-485b-bd5d-423a370c713d,38.99330314,1.548169891,628,1.0,0,True,3,,0.0,0.8762089999999999,1.0,0.8762089999999999,1.0,0.8762089999999999,1.0,0.8762089999999999,1.0,0.8762089999999999,1.0,0.8762089999999999,1.0,0.8762089999999999,1.0,0.8762089999999999,1.0,0.8762089999999999,1.0,0.8762089999999999,1.0,0.8762089999999999,1.0,0.8762089999999999,1.0,0.8762089999999999,1.0,0.8762089999999999,1.0,Existing cellular,Fiber,Fiber,Fiber,Fiber,Fiber,Fiber,Fiber,Fiber,Fiber,Fiber,Fiber,Fiber,Fiber,Fiber
4c67727a-4af9-46ef-a98d-5ce5f843163d,38.93397385,1.239488959,1674,0.0,0,False,0,,0.0,,0.0,0.964758,1.0,0.964758,1.0,0.964758,1.0,0.964758,1.0,0.964758,1.0,0.964758,1.0,0.964758,1.0,0.964758,1.0,0.964758,1.0,0.964758,1.0,0.964758,1.0,0.964758,1.0,0.964758,1.0,Satellite,Satellite,Fiber,Fiber,Fiber,Fiber,Fiber,Fiber,Fiber,Fiber,Fiber,Fiber,Fiber,Fiber,Fiber
5529ea39-d40f-4c80-a308-07fe2fb85cfa,38.90620842,1.366680989,1160,0.0,0,True,3,,0.0,,0.0,0.964592,1.0,0.964592,1.0,0.964592,1.0,0.964592,1.0,0.964592,1.0,0.964592,1.0,0.964592,1.0,0.964592,1.0,0.964592,1.0,0.964592,1.0,0.964592,1.0,0.964592,1.0,0.964592,1.0,Additional P2P microwave,Additional P2P microwave,Fiber,Fiber,Fiber,Fiber,Fiber,Fiber,Fiber,Fiber,Fiber,Fiber,Fiber,Fiber,Fiber
563a183d-5d94-4e7f-810c-b5bf6d28a766,38.93416638,1.307153307,538,0.0,0,True,3,0.526317,1.0,0.526317,1.0,0.526317,1.0,0.526317,1.0,0.526317,1.0,0.526317,1.0,0.526317,1.0,0.526317,1.0,0.526317,1.0,0.526317,1.0,0.526317,1.0,0.526317,1.0,0.526317,1.0,0.526317,1.0,0.526317,1.0,Fiber,Fiber,Fiber,Fiber,Fiber,Fiber,Fiber,Fiber,Fiber,Fiber,Fiber,Fiber,Fiber,Fiber,Fiber
5a88dfd9-2448-4643-8446-ec81f79f236e,38.96340292,1.450226287,930,0.0,0,True,3,,0.0,1.761412,1.0,1.761412,1.0,1.761412,1.0,1.761412,1.0,1.761412,1.0,1.761412,1.0,1.761412,1.0,1.761412,1.0,1.761412,1.0,1.761412,1.0,1.761412,1.0,1.761412,1.0,1.761412,1.0,1.761412,1.0,Additional P2P microwave,Fiber,Fiber,Fiber,Fiber,Fiber,Fiber,Fiber,Fiber,Fiber,Fiber,Fiber,Fiber,Fiber,Fiber
5b9fbca7-20b7-4b7a-8555-1be8137a8e12,39.03821867,1.482114837,1286,0.0,0,True,3,0.660705,1.0,0.660705,1.0,0.660705,1.0,0.660705,1.0,0.660705,1.0,0.660705,1.0,0.660705,1.0,0.660705,1.0,0.660705,1.0,0.660705,1.0,0.660705,1.0,0.660705,1.0,0.660705,1.0,0.660705,1.0,0.660705,1.0,Fiber,Fiber,Fiber,Fiber,Fiber,Fiber,Fiber,Fiber,Fiber,Fiber,Fiber,Fiber,Fiber,Fiber,Fiber
6e4190d2-b21e-4c48-8cde-59bb39329f62,39.06236908,1.558964273,1713,1.0,0,True,3,,0.0,1.8791,1.0,1.8791,1.0,1.8791,1.0,1.8791,1.0,1.8791,1.0,1.8791,1.0,1.8791,1.0,1.8791,1.0,1.8791,1.0,1.8791,1.0,1.8791,1.0,1.8791,1.0,1.8791,1.0,1.8791,1.0,Existing cellular,Fiber,Fiber,Fiber,Fiber,Fiber,Fiber,Fiber,Fiber,Fiber,Fiber,Fiber,Fiber,Fiber,Fiber
74529871-b1ea-4c57-8874-709bf7554e64,38.93811274,1.486096642,1769,0.0,0,False,0,,0.0,1.8492709999999999,1.0,1.8492709999999999,1.0,1.8492709999999999,1.0,1.8492709999999999,1.0,1.8492709999999999,1.0,1.8492709999999999,1.0,1.8492709999999999,1.0,1.8492709999999999,1.0,1.8492709999999999,1.0,1.8492709999999999,1.0,1.8492709999999999,1.0,1.8492709999999999,1.0,1.8492709999999999,1.0,1.8492709999999999,1.0,Satellite,Fiber,Fiber,Fiber,Fiber,Fiber,Fiber,Fiber,Fiber,Fiber,Fiber,Fiber,Fiber,Fiber,Fiber
760b035f-e361-4d37-a95f-5b6f7ac93bbf,39.05118032,1.460825577,389,0.0,0,True,3,,0.0,,0.0,2.336128,1.0,2.336128,1.0,2.336128,1.0,2.336128,1.0,2.336128,1.0,2.336128,1.0,2.336128,1.0,2.336128,1.0,2.336128,1.0,2.336128,1.0,2.336128,1.0,2.336128,1.0,2.336128,1.0,Additional P2P microwave,Additional P2P microwave,Fiber,Fiber,Fiber,Fiber,Fiber,Fiber,Fiber,Fiber,Fiber,Fiber,Fiber,Fiber,Fiber
775b863e-688e-45e8-b12e-956a3144bd35,38.98212655,1.408712151,902,0.0,0,True,3,,0.0,1.577483,1.0,1.577483,1.0,1.577483,1.0,1.577483,1.0,1.577483,1.0,1.577483,1.0,1.577483,1.0,1.577483,1.0,1.577483,1.0,1.577483,1.0,1.577483,1.0,1.577483,1.0,1.577483,1.0,1.577483,1.0,Additional P2P microwave,Fiber,Fiber,Fiber,Fiber,Fiber,Fiber,Fiber,Fiber,Fiber,Fiber,Fiber,Fiber,Fiber,Fiber
77e031da-1d23-48c2-853e-25d1830dabd1,39.02280274,1.455433486,2471,0.0,0,True,3,,0.0,1.123699,1.0,1.123699,1.0,1.123699,1.0,1.123699,1.0,1.123699,1.0,1.123699,1.0,1.123699,1.0,1.123699,1.0,1.123699,1.0,1.123699,1.0,1.123699,1.0,1.123699,1.0,1.123699,1.0,1.123699,1.0,Additional P2P microwave,Fiber,Fiber,Fiber,Fiber,Fiber,Fiber,Fiber,Fiber,Fiber,Fiber,Fiber,Fiber,Fiber,Fiber
798ec30c-be58-4b93-9ebb-e6979cf73336,38.90393963,1.301800572,2534,0.0,0,True,2,0.727908,1.0,0.727908,1.0,0.727908,1.0,0.727908,1.0,0.727908,1.0,0.727908,1.0,0.727908,1.0,0.727908,1.0,0.727908,1.0,0.727908,1.0,0.727908,1.0,0.727908,1.0,0.727908,1.0,0.727908,1.0,0.727908,1.0,Fiber,Fiber,Fiber,Fiber,Fiber,Fiber,Fiber,Fiber,Fiber,Fiber,Fiber,Fiber,Fiber,Fiber,Fiber
79f29263-c10b-4508-bd87-ad42c04be0d4,38.98630403,1.485837838,3741,0.0,0,True,3,,0.0,,0.0,2.057248,1.0,2.057248,1.0,2.057248,1.0,2.057248,1.0,2.057248,1.0,2.057248,1.0,2.057248,1.0,2.057248,1.0,2.057248,1.0,2.057248,1.0,2.057248,1.0,2.057248,1.0,2.057248,1.0,Additional P2P microwave,Additional P2P microwave,Fiber,Fiber,Fiber,Fiber,Fiber,Fiber,Fiber,Fiber,Fiber,Fiber,Fiber,Fiber,Fiber
7a4e4050-b3db-43ab-b487-a7df597ea8ce,38.9531428,1.386549067,254,0.0,0,True,3,,0.0,,0.0,0.946938,1.0,0.946938,1.0,0.946938,1.0,0.946938,1.0,0.946938,1.0,0.946938,1.0,0.946938,1.0,0.946938,1.0,0.946938,1.0,0.946938,1.0,0.946938,1.0,0.946938,1.0,0.946938,1.0,Additional P2P microwave,Additional P2P microwave,Fiber,Fiber,Fiber,Fiber,Fiber,Fiber,Fiber,Fiber,Fiber,Fiber,Fiber,Fiber,Fiber
7e46c9a8-b75f-4513-8418-4fb058a32b0f,39.05158039,1.337051623,1410,0.0,0,True,3,,0.0,,0.0,,0.0,3.531355,1.0,3.531355,1.0,3.531355,1.0,3.531355,1.0,3.531355,1.0,3.531355,1.0,3.531355,1.0,3.531355,1.0,3.531355,1.0,3.531355,1.0,3.531355,1.0,3.531355,1.0,Additional P2P microwave,Additional P2P microwave,Additional P2P microwave,Fiber,Fiber,Fiber,Fiber,Fiber,Fiber,Fiber,Fiber,Fiber,Fiber,Fiber,Fiber
7e7edbb0-41db-4dda-b507-37cb0493d1fa,39.05072478,1.581172796,1523,0.0,0,True,2,,0.0,1.3224500000000001,1.0,1.3224500000000001,1.0,1.3224500000000001,1.0,1.3224500000000001,1.0,1.3224500000000001,1.0,1.3224500000000001,1.0,1.3224500000000001,1.0,1.3224500000000001,1.0,1.3224500000000001,1.0,1.3224500000000001,1.0,1.3224500000000001,1.0,1.3224500000000001,1.0,1.3224500000000001,1.0,1.3224500000000001,1.0,Additional P2P microwave,Fiber,Fiber,Fiber,Fiber,Fiber,Fiber,Fiber,Fiber,Fiber,Fiber,Fiber,Fiber,Fiber,Fiber
80995085-677e-40c5-a7eb-3e6be9c04193,38.86889715,1.259268392,336,0.0,0,True,2,,0.0,1.3032940000000002,1.0,1.3032940000000002,1.0,1.3032940000000002,1.0,1.3032940000000002,1.0,1.3032940000000002,1.0,1.3032940000000002,1.0,1.3032940000000002,1.0,1.3032940000000002,1.0,1.3032940000000002,1.0,1.3032940000000002,1.0,1.3032940000000002,1.0,1.3032940000000002,1.0,1.3032940000000002,1.0,1.3032940000000002,1.0,Additional P2P microwave,Fiber,Fiber,Fiber,Fiber,Fiber,Fiber,Fiber,Fiber,Fiber,Fiber,Fiber,Fiber,Fiber,Fiber
8212c26b-ccf0-4c70-8c8b-0bd759f2cbff,38.90089976,1.30925045,3042,0.0,0,True,1,0.621536,1.0,0.621536,1.0,0.621536,1.0,0.621536,1.0,0.621536,1.0,0.621536,1.0,0.621536,1.0,0.621536,1.0,0.621536,1.0,0.621536,1.0,0.621536,1.0,0.621536,1.0,0.621536,1.0,0.621536,1.0,0.621536,1.0,Fiber,Fiber,Fiber,Fiber,Fiber,Fiber,Fiber,Fiber,Fiber,Fiber,Fiber,Fiber,Fiber,Fiber,Fiber
85495887-5439-4f49-82a9-8e0a031b9dc4,38.89004912,1.230029032,1287,0.0,0,True,2,,0.0,,0.0,2.409917,1.0,2.409917,1.0,2.409917,1.0,2.409917,1.0,2.409917,1.0,2.409917,1.0,2.409917,1.0,2.409917,1.0,2.409917,1.0,2.409917,1.0,2.409917,1.0,2.409917,1.0,2.409917,1.0,Additional P2P microwave,Additional P2P microwave,Fiber,Fiber,Fiber,Fiber,Fiber,Fiber,Fiber,Fiber,Fiber,Fiber,Fiber,Fiber,Fiber
867858ee-0194-44a4-9131-e0521a37c6e6,38.90081458,1.288493327,2915,0.0,0,True,3,,0.0,1.117439,1.0,1.117439,1.0,1.117439,1.0,1.117439,1.0,1.117439,1.0,1.117439,1.0,1.117439,1.0,1.117439,1.0,1.117439,1.0,1.117439,1.0,1.117439,1.0,1.117439,1.0,1.117439,1.0,1.117439,1.0,Additional P2P microwave,Fiber,Fiber,Fiber,Fiber,Fiber,Fiber,Fiber,Fiber,Fiber,Fiber,Fiber,Fiber,Fiber,Fiber
8955c08a-d3a8-4dd0-872a-09489285a97a,38.95790439,1.509104011,1381,0.0,0,False,0,0.154745,1.0,0.154745,1.0,0.154745,1.0,0.154745,1.0,0.154745,1.0,0.154745,1.0,0.154745,1.0,0.154745,1.0,0.154745,1.0,0.154745,1.0,0.154745,1.0,0.154745,1.0,0.154745,1.0,0.154745,1.0,0.154745,1.0,Fiber,Fiber,Fiber,Fiber,Fiber,Fiber,Fiber,Fiber,Fiber,Fiber,Fiber,Fiber,Fiber,Fiber,Fiber
8c0900aa-9916-48a2-81a7-783bb859d57c,38.90932032,1.276045852,2576,0.0,0,True,3,,0.0,0.279116,1.0,0.279116,1.0,0.279116,1.0,0.279116,1.0,0.279116,1.0,0.279116,1.0,0.279116,1.0,0.279116,1.0,0.279116,1.0,0.279116,1.0,0.279116,1.0,0.279116,1.0,0.279116,1.0,0.279116,1.0,Additional P2P microwave,Fiber,Fiber,Fiber,Fiber,Fiber,Fiber,Fiber,Fiber,Fiber,Fiber,Fiber,Fiber,Fiber,Fiber
8d7cbf69-616c-435f-a1bf-b46db1f2b1a2,38.86260202,1.244596552,1160,0.0,0,False,0,,0.0,0.315774,1.0,0.315774,1.0,0.315774,1.0,0.315774,1.0,0.315774,1.0,0.315774,1.0,0.315774,1.0,0.315774,1.0,0.315774,1.0,0.315774,1.0,0.315774,1.0,0.315774,1.0,0.315774,1.0,0.315774,1.0,Satellite,Fiber,Fiber,Fiber,Fiber,Fiber,Fiber,Fiber,Fiber,Fiber,Fiber,Fiber,Fiber,Fiber,Fiber
8dc18b71-d2aa-4396-aed1-3918a7c78302,39.08134747,1.540372474,1463,0.0,0,True,1,0.932495,1.0,0.932495,1.0,0.932495,1.0,0.932495,1.0,0.932495,1.0,0.932495,1.0,0.932495,1.0,0.932495,1.0,0.932495,1.0,0.932495,1.0,0.932495,1.0,0.932495,1.0,0.932495,1.0,0.932495,1.0,0.932495,1.0,Fiber,Fiber,Fiber,Fiber,Fiber,Fiber,Fiber,Fiber,Fiber,Fiber,Fiber,Fiber,Fiber,Fiber,Fiber
9197581a-d64d-40ee-964b-f6c1822fd28f,38.97918087,1.408158651,979,0.0,0,True,3,,0.0,0.33102,1.0,0.33102,1.0,0.33102,1.0,0.33102,1.0,0.33102,1.0,0.33102,1.0,0.33102,1.0,0.33102,1.0,0.33102,1.0,0.33102,1.0,0.33102,1.0,0.33102,1.0,0.33102,1.0,0.33102,1.0,Additional P2P microwave,Fiber,Fiber,Fiber,Fiber,Fiber,Fiber,Fiber,Fiber,Fiber,Fiber,Fiber,Fiber,Fiber,Fiber
955bca73-4483-45af-ae38-adddd0751bf7,38.9785459,1.444245643,551,0.0,0,True,3,,0.0,1.703232,1.0,1.703232,1.0,1.703232,1.0,1.703232,1.0,1.703232,1.0,1.703232,1.0,1.703232,1.0,1.703232,1.0,1.703232,1.0,1.703232,1.0,1.703232,1.0,1.703232,1.0,1.703232,1.0,1.703232,1.0,Additional P2P microwave,Fiber,Fiber,Fiber,Fiber,Fiber,Fiber,Fiber,Fiber,Fiber,Fiber,Fiber,Fiber,Fiber,Fiber
96f84def-7438-4e29-b45b-3368a83544ca,38.98795524,1.540723947,465,1.0,0,True,3,,0.0,0.88928,1.0,0.88928,1.0,0.88928,1.0,0.88928,1.0,0.88928,1.0,0.88928,1.0,0.88928,1.0,0.88928,1.0,0.88928,1.0,0.88928,1.0,0.88928,1.0,0.88928,1.0,0.88928,1.0,0.88928,1.0,Existing cellular,Fiber,Fiber,Fiber,Fiber,Fiber,Fiber,Fiber,Fiber,Fiber,Fiber,Fiber,Fiber,Fiber,Fiber
9b09549f-3f66-4a26-beda-db793cd49363,38.96195614,1.246525267,1675,1.0,0,True,1,0.907537,1.0,0.907537,1.0,0.907537,1.0,0.907537,1.0,0.907537,1.0,0.907537,1.0,0.907537,1.0,0.907537,1.0,0.907537,1.0,0.907537,1.0,0.907537,1.0,0.907537,1.0,0.907537,1.0,0.907537,1.0,0.907537,1.0,Fiber,Fiber,Fiber,Fiber,Fiber,Fiber,Fiber,Fiber,Fiber,Fiber,Fiber,Fiber,Fiber,Fiber,Fiber
9be3e912-c023-4888-847f-f74ab5085a94,38.85313758,1.398807221,1319,0.0,0,True,3,,0.0,,0.0,2.3684380000000003,1.0,2.3684380000000003,1.0,2.3684380000000003,1.0,2.3684380000000003,1.0,2.3684380000000003,1.0,2.3684380000000003,1.0,2.3684380000000003,1.0,2.3684380000000003,1.0,2.3684380000000003,1.0,2.3684380000000003,1.0,2.3684380000000003,1.0,2.3684380000000003,1.0,2.3684380000000003,1.0,Additional P2P microwave,Additional P2P microwave,Fiber,Fiber,Fiber,Fiber,Fiber,Fiber,Fiber,Fiber,Fiber,Fiber,Fiber,Fiber,Fiber
9c0cf673-558f-47f4-b008-68872ebfd0a1,38.97524865,1.515630846,1026,0.0,0,True,3,,0.0,,0.0,2.009449,1.0,2.009449,1.0,2.009449,1.0,2.009449,1.0,2.009449,1.0,2.009449,1.0,2.009449,1.0,2.009449,1.0,2.009449,1.0,2.009449,1.0,2.009449,1.0,2.009449,1.0,2.009449,1.0,Additional P2P microwave,Additional P2P microwave,Fiber,Fiber,Fiber,Fiber,Fiber,Fiber,Fiber,Fiber,Fiber,Fiber,Fiber,Fiber,Fiber
9dc15aa9-7e95-4b6f-ac9e-1b891c458ea5,38.86134812,1.247868859,1052,0.0,0,True,3,,0.0,1.2956500000000002,1.0,1.2956500000000002,1.0,1.2956500000000002,1.0,1.2956500000000002,1.0,1.2956500000000002,1.0,1.2956500000000002,1.0,1.2956500000000002,1.0,1.2956500000000002,1.0,1.2956500000000002,1.0,1.2956500000000002,1.0,1.2956500000000002,1.0,1.2956500000000002,1.0,1.2956500000000002,1.0,1.2956500000000002,1.0,Additional P2P microwave,Fiber,Fiber,Fiber,Fiber,Fiber,Fiber,Fiber,Fiber,Fiber,Fiber,Fiber,Fiber,Fiber,Fiber
a11c1795-c1ad-4000-8ddf-23879414c25d,38.90165325,1.262128614,2040,0.0,0,True,3,,0.0,1.313787,1.0,1.313787,1.0,1.313787,1.0,1.313787,1.0,1.313787,1.0,1.313787,1.0,1.313787,1.0,1.313787,1.0,1.313787,1.0,1.313787,1.0,1.313787,1.0,1.313787,1.0,1.313787,1.0,1.313787,1.0,Additional P2P microwave,Fiber,Fiber,Fiber,Fiber,Fiber,Fiber,Fiber,Fiber,Fiber,Fiber,Fiber,Fiber,Fiber,Fiber
a7a55e1e-6078-4457-89fd-ab69814da42e,39.01508425,1.57884222,2167,0.0,0,True,2,,0.0,1.2518479999999998,1.0,1.2518479999999998,1.0,1.2518479999999998,1.0,1.2518479999999998,1.0,1.2518479999999998,1.0,1.2518479999999998,1.0,1.2518479999999998,1.0,1.2518479999999998,1.0,1.2518479999999998,1.0,1.2518479999999998,1.0,1.2518479999999998,1.0,1.2518479999999998,1.0,1.2518479999999998,1.0,1.2518479999999998,1.0,Additional P2P microwave,Fiber,Fiber,Fiber,Fiber,Fiber,Fiber,Fiber,Fiber,Fiber,Fiber,Fiber,Fiber,Fiber,Fiber
a877cb39-2290-48c3-b6a6-0f4feaf0146a,38.99388465,1.533819114,1254,1.0,0,True,3,,0.0,1.339653,1.0,1.339653,1.0,1.339653,1.0,1.339653,1.0,1.339653,1.0,1.339653,1.0,1.339653,1.0,1.339653,1.0,1.339653,1.0,1.339653,1.0,1.339653,1.0,1.339653,1.0,1.339653,1.0,1.339653,1.0,Existing cellular,Fiber,Fiber,Fiber,Fiber,Fiber,Fiber,Fiber,Fiber,Fiber,Fiber,Fiber,Fiber,Fiber,Fiber
ae0ccc6e-5f91-4a58-a60b-68e8ebcdc797,38.95676889,1.323312356,462,0.0,0,True,3,,0.0,1.011423,1.0,1.011423,1.0,1.011423,1.0,1.011423,1.0,1.011423,1.0,1.011423,1.0,1.011423,1.0,1.011423,1.0,1.011423,1.0,1.011423,1.0,1.011423,1.0,1.011423,1.0,1.011423,1.0,1.011423,1.0,Additional P2P microwave,Fiber,Fiber,Fiber,Fiber,Fiber,Fiber,Fiber,Fiber,Fiber,Fiber,Fiber,Fiber,Fiber,Fiber
b32e5cdd-cc23-4748-9c61-c62201237bf6,38.90931426,1.295383013,1893,0.0,0,False,0,0.8157960000000001,1.0,0.8157960000000001,1.0,0.8157960000000001,1.0,0.8157960000000001,1.0,0.8157960000000001,1.0,0.8157960000000001,1.0,0.8157960000000001,1.0,0.8157960000000001,1.0,0.8157960000000001,1.0,0.8157960000000001,1.0,0.8157960000000001,1.0,0.8157960000000001,1.0,0.8157960000000001,1.0,0.8157960000000001,1.0,0.8157960000000001,1.0,Fiber,Fiber,Fiber,Fiber,Fiber,Fiber,Fiber,Fiber,Fiber,Fiber,Fiber,Fiber,Fiber,Fiber,Fiber
b4129fb7-6eff-4f64-9302-d56ca0ffd434,38.85567112,1.371649766,639,0.0,0,True,3,,0.0,,0.0,2.831498,1.0,2.831498,1.0,2.831498,1.0,2.831498,1.0,2.831498,1.0,2.831498,1.0,2.831498,1.0,2.831498,1.0,2.831498,1.0,2.831498,1.0,2.831498,1.0,2.831498,1.0,2.831498,1.0,Additional P2P microwave,Additional P2P microwave,Fiber,Fiber,Fiber,Fiber,Fiber,Fiber,Fiber,Fiber,Fiber,Fiber,Fiber,Fiber,Fiber
ba2f6994-38f1-4619-a7ee-4c6569749c21,38.99384263,1.443218896,896,0.0,0,True,3,,0.0,1.3956769999999998,1.0,1.3956769999999998,1.0,1.3956769999999998,1.0,1.3956769999999998,1.0,1.3956769999999998,1.0,1.3956769999999998,1.0,1.3956769999999998,1.0,1.3956769999999998,1.0,1.3956769999999998,1.0,1.3956769999999998,1.0,1.3956769999999998,1.0,1.3956769999999998,1.0,1.3956769999999998,1.0,1.3956769999999998,1.0,Additional P2P microwave,Fiber,Fiber,Fiber,Fiber,Fiber,Fiber,Fiber,Fiber,Fiber,Fiber,Fiber,Fiber,Fiber,Fiber
bbd7b668-8b8e-4b87-ac89-64a54c379f53,38.9574601,1.507408008,1510,0.0,0,False,0,0.606381,1.0,0.606381,1.0,0.606381,1.0,0.606381,1.0,0.606381,1.0,0.606381,1.0,0.606381,1.0,0.606381,1.0,0.606381,1.0,0.606381,1.0,0.606381,1.0,0.606381,1.0,0.606381,1.0,0.606381,1.0,0.606381,1.0,Fiber,Fiber,Fiber,Fiber,Fiber,Fiber,Fiber,Fiber,Fiber,Fiber,Fiber,Fiber,Fiber,Fiber,Fiber
be8f9691-55af-4940-97d8-10d548687c18,39.01717741,1.540936116,176,1.0,0,True,3,0.508312,1.0,0.508312,1.0,0.508312,1.0,0.508312,1.0,0.508312,1.0,0.508312,1.0,0.508312,1.0,0.508312,1.0,0.508312,1.0,0.508312,1.0,0.508312,1.0,0.508312,1.0,0.508312,1.0,0.508312,1.0,0.508312,1.0,Fiber,Fiber,Fiber,Fiber,Fiber,Fiber,Fiber,Fiber,Fiber,Fiber,Fiber,Fiber,Fiber,Fiber,Fiber
c30b6800-1281-4cee-8dd9-ba3e5c5802fd,39.01812244,1.564889899,985,0.0,0,True,3,,0.0,1.180186,1.0,1.180186,1.0,1.180186,1.0,1.180186,1.0,1.180186,1.0,1.180186,1.0,1.180186,1.0,1.180186,1.0,1.180186,1.0,1.180186,1.0,1.180186,1.0,1.180186,1.0,1.180186,1.0,1.180186,1.0,Additional P2P microwave,Fiber,Fiber,Fiber,Fiber,Fiber,Fiber,Fiber,Fiber,Fiber,Fiber,Fiber,Fiber,Fiber,Fiber
c397425a-2403-401c-a663-74d40571c94a,38.99706412,1.321503371,1183,0.0,0,True,3,,0.0,,0.0,1.615895,1.0,1.615895,1.0,1.615895,1.0,1.615895,1.0,1.615895,1.0,1.615895,1.0,1.615895,1.0,1.615895,1.0,1.615895,1.0,1.615895,1.0,1.615895,1.0,1.615895,1.0,1.615895,1.0,Additional P2P microwave,Additional P2P microwave,Fiber,Fiber,Fiber,Fiber,Fiber,Fiber,Fiber,Fiber,Fiber,Fiber,Fiber,Fiber,Fiber
c571aaff-74e9-41d4-8e51-e0aab8fffe1f,38.95906283,1.315454383,535,0.0,0,True,3,,0.0,0.725749,1.0,0.725749,1.0,0.725749,1.0,0.725749,1.0,0.725749,1.0,0.725749,1.0,0.725749,1.0,0.725749,1.0,0.725749,1.0,0.725749,1.0,0.725749,1.0,0.725749,1.0,0.725749,1.0,0.725749,1.0,Additional P2P microwave,Fiber,Fiber,Fiber,Fiber,Fiber,Fiber,Fiber,Fiber,Fiber,Fiber,Fiber,Fiber,Fiber,Fiber
c961624c-546e-4375-8360-6d75bc188022,39.06210527,1.34637954,355,0.0,0,False,0,,0.0,,0.0,,0.0,1.420681,1.0,1.420681,1.0,1.420681,1.0,1.420681,1.0,1.420681,1.0,1.420681,1.0,1.420681,1.0,1.420681,1.0,1.420681,1.0,1.420681,1.0,1.420681,1.0,1.420681,1.0,Satellite,Satellite,Satellite,Fiber,Fiber,Fiber,Fiber,Fiber,Fiber,Fiber,Fiber,Fiber,Fiber,Fiber,Fiber
cda6e0d7-8641-4943-94e7-997c3a504b43,38.94270256,1.330989881,989,0.0,0,True,3,,0.0,1.413349,1.0,1.413349,1.0,1.413349,1.0,1.413349,1.0,1.413349,1.0,1.413349,1.0,1.413349,1.0,1.413349,1.0,1.413349,1.0,1.413349,1.0,1.413349,1.0,1.413349,1.0,1.413349,1.0,1.413349,1.0,Additional P2P microwave,Fiber,Fiber,Fiber,Fiber,Fiber,Fiber,Fiber,Fiber,Fiber,Fiber,Fiber,Fiber,Fiber,Fiber
cf36cf3c-dc91-4d53-8f30-5a9a5c4e7200,39.09216585,1.559896146,1719,0.0,0,False,0,,0.0,,0.0,2.0703899999999997,1.0,2.0703899999999997,1.0,2.0703899999999997,1.0,2.0703899999999997,1.0,2.0703899999999997,1.0,2.0703899999999997,1.0,2.0703899999999997,1.0,2.0703899999999997,1.0,2.0703899999999997,1.0,2.0703899999999997,1.0,2.0703899999999997,1.0,2.0703899999999997,1.0,2.0703899999999997,1.0,Satellite,Satellite,Fiber,Fiber,Fiber,Fiber,Fiber,Fiber,Fiber,Fiber,Fiber,Fiber,Fiber,Fiber,Fiber
d37197f2-d992-4674-a45f-4edfec32eb68,38.94475765,1.382562293,1217,0.0,0,True,1,,0.0,,0.0,0.994085,1.0,0.994085,1.0,0.994085,1.0,0.994085,1.0,0.994085,1.0,0.994085,1.0,0.994085,1.0,0.994085,1.0,0.994085,1.0,0.994085,1.0,0.994085,1.0,0.994085,1.0,0.994085,1.0,Additional P2P microwave,Additional P2P microwave,Fiber,Fiber,Fiber,Fiber,Fiber,Fiber,Fiber,Fiber,Fiber,Fiber,Fiber,Fiber,Fiber
d3a1fe88-51a0-4558-a376-5c614106e50b,38.96691495,1.238187992,840,0.0,0,True,3,0.38354000000000005,1.0,0.38354000000000005,1.0,0.38354000000000005,1.0,0.38354000000000005,1.0,0.38354000000000005,1.0,0.38354000000000005,1.0,0.38354000000000005,1.0,0.38354000000000005,1.0,0.38354000000000005,1.0,0.38354000000000005,1.0,0.38354000000000005,1.0,0.38354000000000005,1.0,0.38354000000000005,1.0,0.38354000000000005,1.0,0.38354000000000005,1.0,Fiber,Fiber,Fiber,Fiber,Fiber,Fiber,Fiber,Fiber,Fiber,Fiber,Fiber,Fiber,Fiber,Fiber,Fiber
d4e50261-9303-4b9b-8f52-ed9d7903dd58,38.94350397,1.3146801,463,0.0,0,True,3,,0.0,1.034901,1.0,1.034901,1.0,1.034901,1.0,1.034901,1.0,1.034901,1.0,1.034901,1.0,1.034901,1.0,1.034901,1.0,1.034901,1.0,1.034901,1.0,1.034901,1.0,1.034901,1.0,1.034901,1.0,1.034901,1.0,Additional P2P microwave,Fiber,Fiber,Fiber,Fiber,Fiber,Fiber,Fiber,Fiber,Fiber,Fiber,Fiber,Fiber,Fiber,Fiber
d56c4db0-7934-4d78-a43e-f606e2ebe9d2,39.11067597,1.517970918,621,0.0,0,True,3,,0.0,,0.0,2.765274,1.0,2.765274,1.0,2.765274,1.0,2.765274,1.0,2.765274,1.0,2.765274,1.0,2.765274,1.0,2.765274,1.0,2.765274,1.0,2.765274,1.0,2.765274,1.0,2.765274,1.0,2.765274,1.0,Additional P2P microwave,Additional P2P microwave,Fiber,Fiber,Fiber,Fiber,Fiber,Fiber,Fiber,Fiber,Fiber,Fiber,Fiber,Fiber,Fiber
d94433a9-0da0-4fd5-af57-ddfb321fc525,38.98952019,1.305319773,1085,0.0,0,True,3,,0.0,,0.0,1.6309010000000002,1.0,1.6309010000000002,1.0,1.6309010000000002,1.0,1.6309010000000002,1.0,1.6309010000000002,1.0,1.6309010000000002,1.0,1.6309010000000002,1.0,1.6309010000000002,1.0,1.6309010000000002,1.0,1.6309010000000002,1.0,1.6309010000000002,1.0,1.6309010000000002,1.0,1.6309010000000002,1.0,Additional P2P microwave,Additional P2P microwave,Fiber,Fiber,Fiber,Fiber,Fiber,Fiber,Fiber,Fiber,Fiber,Fiber,Fiber,Fiber,Fiber
dd214ea7-eb13-4400-907b-b4f9c320b1ae,38.95421761,1.29261,484,0.0,0,True,3,,0.0,1.017962,1.0,1.017962,1.0,1.017962,1.0,1.017962,1.0,1.017962,1.0,1.017962,1.0,1.017962,1.0,1.017962,1.0,1.017962,1.0,1.017962,1.0,1.017962,1.0,1.017962,1.0,1.017962,1.0,1.017962,1.0,Additional P2P microwave,Fiber,Fiber,Fiber,Fiber,Fiber,Fiber,Fiber,Fiber,Fiber,Fiber,Fiber,Fiber,Fiber,Fiber
de75c87b-2676-47be-8454-4c44c4e6f644,38.99313359,1.353724734,646,0.0,0,True,3,,0.0,0.982106,1.0,0.982106,1.0,0.982106,1.0,0.982106,1.0,0.982106,1.0,0.982106,1.0,0.982106,1.0,0.982106,1.0,0.982106,1.0,0.982106,1.0,0.982106,1.0,0.982106,1.0,0.982106,1.0,0.982106,1.0,Additional P2P microwave,Fiber,Fiber,Fiber,Fiber,Fiber,Fiber,Fiber,Fiber,Fiber,Fiber,Fiber,Fiber,Fiber,Fiber
e13a657c-edf0-4013-92db-6c70136e3ac9,38.90685783,1.2754202,2817,0.0,0,True,1,,0.0,1.2875340000000002,1.0,1.2875340000000002,1.0,1.2875340000000002,1.0,1.2875340000000002,1.0,1.2875340000000002,1.0,1.2875340000000002,1.0,1.2875340000000002,1.0,1.2875340000000002,1.0,1.2875340000000002,1.0,1.2875340000000002,1.0,1.2875340000000002,1.0,1.2875340000000002,1.0,1.2875340000000002,1.0,1.2875340000000002,1.0,Additional P2P microwave,Fiber,Fiber,Fiber,Fiber,Fiber,Fiber,Fiber,Fiber,Fiber,Fiber,Fiber,Fiber,Fiber,Fiber
e34166df-938f-4a6a-8297-8e62472c190a,38.92652564,1.374346836,2303,0.0,0,False,0,,0.0,,0.0,2.148231,1.0,2.148231,1.0,2.148231,1.0,2.148231,1.0,2.148231,1.0,2.148231,1.0,2.148231,1.0,2.148231,1.0,2.148231,1.0,2.148231,1.0,2.148231,1.0,2.148231,1.0,2.148231,1.0,Satellite,Satellite,Fiber,Fiber,Fiber,Fiber,Fiber,Fiber,Fiber,Fiber,Fiber,Fiber,Fiber,Fiber,Fiber
e568a45b-e0bc-49cd-82c0-a64c1da4fb0e,38.97066928,1.418358779,1198,0.0,0,True,3,,0.0,1.2010239999999999,1.0,1.2010239999999999,1.0,1.2010239999999999,1.0,1.2010239999999999,1.0,1.2010239999999999,1.0,1.2010239999999999,1.0,1.2010239999999999,1.0,1.2010239999999999,1.0,1.2010239999999999,1.0,1.2010239999999999,1.0,1.2010239999999999,1.0,1.2010239999999999,1.0,1.2010239999999999,1.0,1.2010239999999999,1.0,Additional P2P microwave,Fiber,Fiber,Fiber,Fiber,Fiber,Fiber,Fiber,Fiber,Fiber,Fiber,Fiber,Fiber,Fiber,Fiber
e8fc47f3-4cc1-4e0e-8483-095a08f064e0,38.96675571,1.323798873,1395,0.0,0,True,3,,0.0,0.30550700000000003,1.0,0.30550700000000003,1.0,0.30550700000000003,1.0,0.30550700000000003,1.0,0.30550700000000003,1.0,0.30550700000000003,1.0,0.30550700000000003,1.0,0.30550700000000003,1.0,0.30550700000000003,1.0,0.30550700000000003,1.0,0.30550700000000003,1.0,0.30550700000000003,1.0,0.30550700000000003,1.0,0.30550700000000003,1.0,Additional P2P microwave,Fiber,Fiber,Fiber,Fiber,Fiber,Fiber,Fiber,Fiber,Fiber,Fiber,Fiber,Fiber,Fiber,Fiber
eadb65ff-99dc-4bd3-bb21-619a55a73b34,38.9399882,1.427518529,836,0.0,0,True,3,,0.0,,0.0,2.353907,1.0,2.353907,1.0,2.353907,1.0,2.353907,1.0,2.353907,1.0,2.353907,1.0,2.353907,1.0,2.353907,1.0,2.353907,1.0,2.353907,1.0,2.353907,1.0,2.353907,1.0,2.353907,1.0,Additional P2P microwave,Additional P2P microwave,Fiber,Fiber,Fiber,Fiber,Fiber,Fiber,Fiber,Fiber,Fiber,Fiber,Fiber,Fiber,Fiber
ef55a242-71c2-4895-9d7f-7cc87011cc24,38.89521462,1.354087839,1669,0.0,0,True,3,,0.0,,0.0,2.3013820000000003,1.0,2.3013820000000003,1.0,2.3013820000000003,1.0,2.3013820000000003,1.0,2.3013820000000003,1.0,2.3013820000000003,1.0,2.3013820000000003,1.0,2.3013820000000003,1.0,2.3013820000000003,1.0,2.3013820000000003,1.0,2.3013820000000003,1.0,2.3013820000000003,1.0,2.3013820000000003,1.0,Additional P2P microwave,Additional P2P microwave,Fiber,Fiber,Fiber,Fiber,Fiber,Fiber,Fiber,Fiber,Fiber,Fiber,Fiber,Fiber,Fiber
ef6eb534-04e9-4265-bc5b-1543f3452634,38.88051984,1.378797427,1213,0.0,0,True,3,,0.0,,0.0,1.19724,1.0,1.19724,1.0,1.19724,1.0,1.19724,1.0,1.19724,1.0,1.19724,1.0,1.19724,1.0,1.19724,1.0,1.19724,1.0,1.19724,1.0,1.19724,1.0,1.19724,1.0,1.19724,1.0,Additional P2P microwave,Additional P2P microwave,Fiber,Fiber,Fiber,Fiber,Fiber,Fiber,Fiber,Fiber,Fiber,Fiber,Fiber,Fiber,Fiber
f01b7a6c-8d4e-4a7c-89f8-ef79eff4aab5,39.0086591,1.310230843,1874,0.0,0,False,0,,0.0,,0.0,2.110352,1.0,2.110352,1.0,2.110352,1.0,2.110352,1.0,2.110352,1.0,2.110352,1.0,2.110352,1.0,2.110352,1.0,2.110352,1.0,2.110352,1.0,2.110352,1.0,2.110352,1.0,2.110352,1.0,Satellite,Satellite,Fiber,Fiber,Fiber,Fiber,Fiber,Fiber,Fiber,Fiber,Fiber,Fiber,Fiber,Fiber,Fiber
f1258afa-9fe6-46f8-89a4-75826b810986,38.89320415,1.409553323,1874,0.0,0,True,3,,0.0,,0.0,2.289354,1.0,2.289354,1.0,2.289354,1.0,2.289354,1.0,2.289354,1.0,2.289354,1.0,2.289354,1.0,2.289354,1.0,2.289354,1.0,2.289354,1.0,2.289354,1.0,2.289354,1.0,2.289354,1.0,Additional P2P microwave,Additional P2P microwave,Fiber,Fiber,Fiber,Fiber,Fiber,Fiber,Fiber,Fiber,Fiber,Fiber,Fiber,Fiber,Fiber
f1de709c-0da1-4ea3-b1d7-7cb3336246b3,38.96558957,1.320599286,1202,0.0,0,True,3,,0.0,0.8512190000000001,1.0,0.8512190000000001,1.0,0.8512190000000001,1.0,0.8512190000000001,1.0,0.8512190000000001,1.0,0.8512190000000001,1.0,0.8512190000000001,1.0,0.8512190000000001,1.0,0.8512190000000001,1.0,0.8512190000000001,1.0,0.8512190000000001,1.0,0.8512190000000001,1.0,0.8512190000000001,1.0,0.8512190000000001,1.0,Additional P2P microwave,Fiber,Fiber,Fiber,Fiber,Fiber,Fiber,Fiber,Fiber,Fiber,Fiber,Fiber,Fiber,Fiber,Fiber
f4757abf-5db7-4f0e-a7cc-0c437012a72e,38.95949111,1.24701343,1830,0.0,0,False,0,0.277329,1.0,0.277329,1.0,0.277329,1.0,0.277329,1.0,0.277329,1.0,0.277329,1.0,0.277329,1.0,0.277329,1.0,0.277329,1.0,0.277329,1.0,0.277329,1.0,0.277329,1.0,0.277329,1.0,0.277329,1.0,0.277329,1.0,Fiber,Fiber,Fiber,Fiber,Fiber,Fiber,Fiber,Fiber,Fiber,Fiber,Fiber,Fiber,Fiber,Fiber,Fiber
f5d03633-ba23-4de9-80ea-e5ae1b82acfa,38.95013868,1.331319864,1224,0.0,0,True,3,,0.0,0.827351,1.0,0.827351,1.0,0.827351,1.0,0.827351,1.0,0.827351,1.0,0.827351,1.0,0.827351,1.0,0.827351,1.0,0.827351,1.0,0.827351,1.0,0.827351,1.0,0.827351,1.0,0.827351,1.0,0.827351,1.0,Additional P2P microwave,Fiber,Fiber,Fiber,Fiber,Fiber,Fiber,Fiber,Fiber,Fiber,Fiber,Fiber,Fiber,Fiber,Fiber
f8e815fd-fcbe-4607-9ae0-f5fa0d56c8d8,39.00303877,1.418651684,788,0.0,0,True,3,,0.0,1.715148,1.0,1.715148,1.0,1.715148,1.0,1.715148,1.0,1.715148,1.0,1.715148,1.0,1.715148,1.0,1.715148,1.0,1.715148,1.0,1.715148,1.0,1.715148,1.0,1.715148,1.0,1.715148,1.0,1.715148,1.0,Additional P2P microwave,Fiber,Fiber,Fiber,Fiber,Fiber,Fiber,Fiber,Fiber,Fiber,Fiber,Fiber,Fiber,Fiber,Fiber
f9394e7c-c097-4bd1-98c1-c36ab13dde8e,38.98125539,1.369830696,785,0.0,0,True,3,,0.0,1.4484590000000002,1.0,1.4484590000000002,1.0,1.4484590000000002,1.0,1.4484590000000002,1.0,1.4484590000000002,1.0,1.4484590000000002,1.0,1.4484590000000002,1.0,1.4484590000000002,1.0,1.4484590000000002,1.0,1.4484590000000002,1.0,1.4484590000000002,1.0,1.4484590000000002,1.0,1.4484590000000002,1.0,1.4484590000000002,1.0,Additional P2P microwave,Fiber,Fiber,Fiber,Fiber,Fiber,Fiber,Fiber,Fiber,Fiber,Fiber,Fiber,Fiber,Fiber,Fiber
fa2f7383-f6dd-4b0e-9db6-269f8f5d4a17,38.9608426,1.391227572,538,0.0,0,True,3,,0.0,,0.0,2.3342289999999997,1.0,2.3342289999999997,1.0,2.3342289999999997,1.0,2.3342289999999997,1.0,2.3342289999999997,1.0,2.3342289999999997,1.0,2.3342289999999997,1.0,2.3342289999999997,1.0,2.3342289999999997,1.0,2.3342289999999997,1.0,2.3342289999999997,1.0,2.3342289999999997,1.0,2.3342289999999997,1.0,Additional P2P microwave,Additional P2P microwave,Fiber,Fiber,Fiber,Fiber,Fiber,Fiber,Fiber,Fiber,Fiber,Fiber,Fiber,Fiber,Fiber
feaecc5f-7357-48b4-9cc8-a845d67ecb4c,38.96432194,1.359063479,1352,0.0,0,True,3,,0.0,1.631683,1.0,1.631683,1.0,1.631683,1.0,1.631683,1.0,1.631683,1.0,1.631683,1.0,1.631683,1.0,1.631683,1.0,1.631683,1.0,1.631683,1.0,1.631683,1.0,1.631683,1.0,1.631683,1.0,1.631683,1.0,Additional P2P microwave,Fiber,Fiber,Fiber,Fiber,Fiber,Fiber,Fiber,Fiber,Fiber,Fiber,Fiber,Fiber,Fiber,Fiber
